Ticket,Date,Customer - Site - Service,Service,Container Size,Material,Route,Truck,Quantity,Per,Disposal Rate,Per,Disposal Cost,Quantity Billed,Per,Bill Rate,Per,Amount
1032523,07/02/25,203122-0001-001 ZARSKY LUMBER,R1,30.0,28,3221,56,1.18,TN,$46.50,/ TN,$54.87,1.18,TN,$46.50,/ TN,$54.87
103178,07/04/25,213474-0008-001 THE OUTLETS SHOPPES AT LAREDO,R1,30.0,24,5225,42,4.15,TN,$0.00,/ TN,$0.00,4.15,TN,$0.00,/ TN,$0.00
1031963,07/01/25,208048-0001-001 XCELL LOGISTICS,R1,30.0,28,2226,62,1.85,TN,$46.50,/ TN,$86.03,1.85,TN,$46.50,/ TN,$86.03
1031975,07/01/25,210131-0001-001 TKR USA INC,R1,30.0,28,2223,79,1.09,TN,$46.50,/ TN,$50.69,1.09,TN,$46.50,/ TN,$50.69
1031983,07/01/25,206421-0001-001 FLYING J #48800,R2,30.0,28,2221,56,9.95,TN,$46.50,/ TN,$462.68,9.95,TN,$46.50,/ TN,$462.68
1031984,07/01/25,210378-0001-002 SOUTH TEXAS FOOD BANK,R1,30.0,28,2224,57,3.09,TN,$46.50,/ TN,$143.69,3.09,TN,$46.50,/ TN,$143.69
1032032,07/01/25,215986-0001-001 TRAMITACIONES GROUP,R1,30.0,28,2221,56,3.99,TN,$46.50,/ TN,$185.54,3.99,TN,$46.50,/ TN,$185.54
1032038,07/01/25,210584-0001-002 LOWE'S,R2,30.0,28,2225,42,5.51,TN,$46.50,/ TN,$256.22,5.51,TN,$46.50,/ TN,$256.22
1032050,07/01/25,215708-0001-001 ALCE CONSTRUCTION,R1,30.0,28,2223,79,4.44,TN,$46.50,/ TN,$206.46,4.44,TN,$46.50,/ TN,$206.46
1032053,07/01/25,214049-0001-001 TP COCINA LLC,R1,15.0,28,2226,62,0.9,TN,$46.50,/ TN,$41.85,0.9,TN,$46.50,/ TN,$41.85
1032076,07/01/25,216026-0001-001 ISMAEL ZAMORA,R1,30.0,28,2221,56,10.75,TN,$46.50,/ TN,$499.88,10.75,TN,$46.50,/ TN,$499.88
1032099,07/01/25,208512-0001-001 FORZA TRANSPORTATION,R1,30.0,28,2225,42,1.11,TN,$46.50,/ TN,$51.62,1.11,TN,$46.50,/ TN,$51.62
1032129,07/01/25,213782-0001-001 XPO LOGISTICS/LTL/LLA (XPO000LLA),R1,30.0,28,2223,79,1.57,TN,$46.50,/ TN,$73.01,1.57,TN,$46.50,/ TN,$73.01
1032155,07/01/25,214339-0001-001 LOVE'S TRAVEL STOPS 862,R2,30.0,28,2224,57,7.81,TN,$46.50,/ TN,$363.17,7.81,TN,$46.50,/ TN,$363.17
1032158,07/01/25,210259-0001-001 U S BORDER PATROL,R1,15.0,28,2226,62,1.91,TN,$46.50,/ TN,$88.82,1.91,TN,$46.50,/ TN,$88.82
1032180,07/01/25,209670-0001-001 UISD/FIXED ASSETS,R1,30.0,28,2225,42,2.63,TN,$46.50,/ TN,$122.30,2.63,TN,$46.50,/ TN,$122.30
1032186,07/01/25,200746-0001-001 YUSEN LOGISTICS,R1,30.0,28,2223,79,1.45,TN,$46.50,/ TN,$67.43,1.45,TN,$46.50,/ TN,$67.43
1032239,07/01/25,211946-0002-001 HABITAT FOR HUMANITY,R1,30.0,28,2225,42,1.18,TN,$46.50,/ TN,$54.87,1.18,TN,$46.50,/ TN,$54.87
1032246,07/01/25,211312-0001-001 PROTRANS INTERNATIONAL,R1,30.0,28,2223,79,0.71,TN,$46.50,/ TN,$33.02,0.71,TN,$46.50,/ TN,$33.02
1032253,07/01/25,209970-0001-002 H E B # 586,R2,30.0,28,2226,62,4.33,TN,$46.50,/ TN,$201.35,4.33,TN,$46.50,/ TN,$201.35
1032255,07/01/25,206091-0001-003 PILOT TRAVEL CENTER-0377,R1,30.0,28,2221,56,2.24,TN,$46.50,/ TN,$104.16,2.24,TN,$46.50,/ TN,$104.16
1032274,07/01/25,211365-0001-002 MRS BAIRD'S BAKERY,R1,30.0,28,2221,56,0.76,TN,$46.50,/ TN,$35.34,0.76,TN,$46.50,/ TN,$35.34
1032279,07/01/25,210687-0001-001 TARGET 2112,R1,30.0,28,2225,42,3.23,TN,$46.50,/ TN,$150.20,3.23,TN,$46.50,/ TN,$150.20
1032299,07/01/25,205033-0001-002 MALL DEL NORTE,R2,30.0,28,2226,62,2.52,TN,$46.50,/ TN,$117.18,2.52,TN,$46.50,/ TN,$117.18
1032301,07/01/25,214242-0001-001 HERITAGE LANDSCAPE,R1,30.0,28,2221,56,1.82,TN,$46.50,/ TN,$84.63,1.82,TN,$46.50,/ TN,$84.63
1032304,07/02/25,204203-0001-001 FLYING J #730,R2,30.0,28,3221,56,6.34,TN,$46.50,/ TN,$294.81,6.34,TN,$46.50,/ TN,$294.81
1032306,07/02/25,207101-0002-001 PGW AUTO GLASS 5463,R1,30.0,28,3224,57,0.72,TN,$46.50,/ TN,$33.48,0.72,TN,$46.50,/ TN,$33.48
1032308,07/02/25,206875-0001-001 UNI-TRADE FORWARDING,R1,30.0,28,3225,42,1.75,TN,$46.50,/ TN,$81.38,1.75,TN,$46.50,/ TN,$81.38
1032309,07/02/25,210131-0001-001 TKR USA INC,R1,30.0,28,3223,79,0.67,TN,$46.50,/ TN,$31.16,0.67,TN,$46.50,/ TN,$31.16
1032334,07/02/25,216025-0001-001 ALLURA,R1,30.0,28,3225,42,7.69,TN,$46.50,/ TN,$357.59,7.69,TN,$46.50,/ TN,$357.59
1032360,07/02/25,209974-0001-001 H E B   # 0449,R2,30.0,28,3224,57,7.46,TN,$46.50,/ TN,$346.89,7.46,TN,$46.50,/ TN,$346.89
1032363,07/02/25,211219-0001-001 TRI-NATIONAL INC,R1,30.0,28,3221,56,1.17,TN,$46.50,/ TN,$54.41,1.17,TN,$46.50,/ TN,$54.41
1032366,07/02/25,214049-0001-001 TP COCINA LLC,R1,15.0,9,3226,62,1.25,EA,$10.00,/ EA,$12.50,1.25,EA,$10.00,/ EA,$12.50
1032377,07/01/25,216023-0001-001 GENERAL DYNAMICS,R1,30.0,28,2223,79,1.07,TN,$46.50,/ TN,$49.76,1.07,TN,$46.50,/ TN,$49.76
1032380,07/02/25,208851-0001-001 TERRACON,R1,10.0,28,3226,62,6.18,TN,$46.50,/ TN,$287.37,6.18,TN,$46.50,/ TN,$287.37
1032407,07/02/25,214100-0001-001 WAL MART 554,R2,30.0,28,3225,42,5.38,TN,$46.50,/ TN,$250.17,5.38,TN,$46.50,/ TN,$250.17
1032411,07/02/25,213612-0001-001 TRANSPLACE MEXICO LLC,R1,30.0,28,3221,56,0.65,TN,$46.50,/ TN,$30.23,0.65,TN,$46.50,/ TN,$30.23
1032423,07/02/25,211450-0001-001 DOCTORS HOSPITAL-COMP,R2,30.0,28,3224,57,4.9,TN,$46.50,/ TN,$227.85,4.9,TN,$46.50,/ TN,$227.85
1032431,07/02/25,214336-0001-001 SUN LINE COMMERCIAL CARRIERS,R1,30.0,28,3223,79,2.52,TN,$46.50,/ TN,$117.18,2.52,TN,$46.50,/ TN,$117.18
1032461,07/02/25,201871-0001-001 LASER FORWARDING,R1,30.0,28,3225,42,1.67,TN,$46.50,/ TN,$77.66,1.67,TN,$46.50,/ TN,$77.66
1032463,07/02/25,205163-0001-001 CINEMARK  THEATER #385,R2,30.0,28,3226,62,12.5,TN,$46.50,/ TN,$581.25,12.5,TN,$46.50,/ TN,$581.25
1032487,07/02/25,204106-0001-001 BROKERS LOGISTICS,R1,30.0,28,3224,57,0.48,TN,$46.50,/ TN,$22.32,0.48,TN,$46.50,/ TN,$22.32
1032492,07/02/25,209870-0001-001 DR IKES,R1,30.0,28,3226,62,3.34,TN,$46.50,/ TN,$155.31,3.34,TN,$46.50,/ TN,$155.31
1032496,07/02/25,211871-0001-001 AUTO TRUCK (ATC)-LAREDO 544,R1,30.0,28,3223,79,0.93,TN,$46.50,/ TN,$43.25,0.93,TN,$46.50,/ TN,$43.25
1032502,07/02/25,205041-0001-001 HPJ,R1,30.0,28,3221,56,1.86,TN,$46.50,/ TN,$86.49,1.86,TN,$46.50,/ TN,$86.49
1032515,07/02/25,201649-0001-001 GATEWAY COMMUNITY HEALTH CTR,R1,10.0,28,3226,62,0.65,TN,$46.50,/ TN,$30.23,0.65,TN,$46.50,/ TN,$30.23
1032521,07/02/25,212205-0001-001 UETA INC-OPEN TOP,R1,30.0,28,3225,42,1.62,TN,$46.50,/ TN,$75.33,1.62,TN,$46.50,/ TN,$75.33
1032530,07/02/25,205033-0003-002 MALL DEL NORTE,R1,30.0,28,3224,57,1.83,TN,$46.50,/ TN,$85.10,1.83,TN,$46.50,/ TN,$85.10
1032545,07/03/25,209975-0001-001 H E B #186 COMPACTOR,R2,30.0,28,4226,62,7.0,TN,$46.50,/ TN,$325.50,7.0,TN,$46.50,/ TN,$325.50
1032557,07/03/25,213636-0001-002 CARTER EXPRESS INC,R1,30.0,28,4224,57,0.94,TN,$46.50,/ TN,$43.71,0.94,TN,$46.50,/ TN,$43.71
1032561,07/03/25,215864-0001-001 247 USDS,R1,30.0,28,4225,42,7.45,TN,$46.50,/ TN,$346.43,7.45,TN,$46.50,/ TN,$346.43
1032571,07/03/25,215759-0001-001 DICEX,R1,30.0,28,4223,79,1.39,TN,$46.50,/ TN,$64.64,1.39,TN,$46.50,/ TN,$64.64
1032579,07/03/25,204762-0002-001 KILLAM DEVELOPMENT,R1,30.0,28,4226,62,8.97,TN,$46.50,/ TN,$417.11,8.97,TN,$46.50,/ TN,$417.11
1032583,07/03/25,210378-0001-002 SOUTH TEXAS FOOD BANK,R1,30.0,28,4224,57,3.43,TN,$46.50,/ TN,$159.50,3.43,TN,$46.50,/ TN,$159.50
1032613,07/03/25,208512-0001-001 FORZA TRANSPORTATION,R1,30.0,28,4221,56,3.86,TN,$46.50,/ TN,$179.49,3.86,TN,$46.50,/ TN,$179.49
1032624,07/03/25,208048-0001-001 XCELL LOGISTICS,R1,30.0,28,4226,62,5.64,TN,$46.50,/ TN,$262.26,5.64,TN,$46.50,/ TN,$262.26
1032633,07/03/25,213474-0003-001 THE OUTLETS SHOPPES AT LAREDO,R1,30.0,28,4225,42,7.04,TN,$46.50,/ TN,$327.36,7.04,TN,$46.50,/ TN,$327.36
1032650,07/03/25,200563-0001-001 HOWLAND SURVEYING,R1,10.0,28,4226,62,2.67,TN,$46.50,/ TN,$124.16,2.67,TN,$46.50,/ TN,$124.16
1032667,07/03/25,208886-0001-001 FONTAINE MODIFICATION,R1,30.0,28,4224,57,1.53,TN,$46.50,/ TN,$71.15,1.53,TN,$46.50,/ TN,$71.15
1032673,07/03/25,215864-0001-001 247 USDS,R1,30.0,28,4226,62,13.12,TN,$46.50,/ TN,$610.08,13.12,TN,$46.50,/ TN,$610.08
1032701,07/02/25,216002-0001-001 MESILLA VALLEY TRANSPORT,R1,30.0,28,3223,79,1.85,TN,$46.50,/ TN,$86.03,1.85,TN,$46.50,/ TN,$86.03
1032702,07/03/25,210833-0001-001 FUEL AMERICA TRAVEL CTR,R1,30.0,28,4221,56,1.4,TN,$46.50,/ TN,$65.10,1.4,TN,$46.50,/ TN,$65.10
1032710,07/03/25,210833-0001-001 FUEL AMERICA TRAVEL CTR,R1,30.0,28,4225,42,1.08,TN,$46.50,/ TN,$50.22,1.08,TN,$46.50,/ TN,$50.22
1032717,07/03/25,216036-0001-001 VCMG LLC,R1,30.0,28,4225,42,2.58,TN,$46.50,/ TN,$119.97,2.58,TN,$46.50,/ TN,$119.97
1032730,07/03/25,209972-0001-002 H E B,R2,30.0,28,4224,57,10.43,TN,$46.50,/ TN,$485.00,10.43,TN,$46.50,/ TN,$485.00
1032742,07/03/25,208551-0001-001 TRANE SUPPLY,R1,30.0,28,4221,56,1.44,TN,$46.50,/ TN,$66.96,1.44,TN,$46.50,/ TN,$66.96
1032749,07/03/25,210687-0001-001 TARGET 2112,R1,30.0,28,4226,62,2.9,TN,$46.50,/ TN,$134.85,2.9,TN,$46.50,/ TN,$134.85
1032756,07/03/25,208590-0001-001 SOUTHWEST INDUSTRIAL RECYCLI,R1,30.0,28,4223,79,3.16,TN,$46.50,/ TN,$146.94,3.16,TN,$46.50,/ TN,$146.94
1032798,07/03/25,215864-0001-001 247 USDS,R1,30.0,28,4221,56,7.84,TN,$46.50,/ TN,$364.56,7.84,TN,$46.50,/ TN,$364.56
1032808,07/03/25,209686-0001-002 UNITRADE STADIUM,R1,30.0,28,4224,57,1.74,TN,$46.50,/ TN,$80.91,1.74,TN,$46.50,/ TN,$80.91
1032818,07/03/25,202856-0001-002 CEVA LOGISTICS,R1,30.0,28,4221,56,1.86,TN,$46.50,/ TN,$86.49,1.86,TN,$46.50,/ TN,$86.49
1032839,07/03/25,215842-0001-001 AMAYA GROUP,R1,30.0,28,4226,62,1.68,TN,$46.50,/ TN,$78.12,1.68,TN,$46.50,/ TN,$78.12
1032843,07/03/25,201216-0001-001 PALOS GARZA FORWARDING,R1,30.0,28,4223,79,1.36,TN,$46.50,/ TN,$63.24,1.36,TN,$46.50,/ TN,$63.24
1032846,07/04/25,210460-0001-001 LOVE'S TRAVEL STOPS L0298,R2,30.0,28,5221,56,6.08,TN,$46.50,/ TN,$282.72,6.08,TN,$46.50,/ TN,$282.72
1032848,07/04/25,205224-0001-002 LA POSADA HOTEL,R2,30.0,28,5226,62,0.78,TN,$46.50,/ TN,$36.27,0.78,TN,$46.50,/ TN,$36.27
1032890,07/03/25,201317-0001-001 GEODIS LOGISTICS,R1,30.0,28,4223,79,1.9,TN,$46.50,/ TN,$88.35,1.9,TN,$46.50,/ TN,$88.35
1032910,07/04/25,208512-0001-001 FORZA TRANSPORTATION,R1,30.0,28,5226,62,1.17,TN,$46.50,/ TN,$54.41,1.17,TN,$46.50,/ TN,$54.41
1032918,07/04/25,212307-0002-002 MISSION PRODUCE,R1,30.0,28,5225,42,2.33,TN,$46.50,/ TN,$108.35,2.33,TN,$46.50,/ TN,$108.35
1032933,07/04/25,213344-0001-001 AG DOORS INC,R1,30.0,28,5226,62,1.88,TN,$46.50,/ TN,$87.42,1.88,TN,$46.50,/ TN,$87.42
1032938,07/04/25,212307-0002-001 MISSION PRODUCE,R1,40.0,13,5225,42,9.83,TN,$216.50,/ TN,"$2,128.20",9.83,TN,$216.50,/ TN,"$2,128.20"
1032946,07/03/25,215759-0001-001 DICEX,R1,30.0,28,4223,79,1.02,TN,$46.50,/ TN,$47.43,1.02,TN,$46.50,/ TN,$47.43
1032972,07/04/25,"214235-0001-001 J.O. ALVAREZ, INC",R1,30.0,28,5225,42,2.99,TN,$46.50,/ TN,$139.04,2.99,TN,$46.50,/ TN,$139.04
1033001,07/04/25,215841-0001-001 ESTATE OF JAVIER GARZA,R1,30.0,28,5221,56,3.5,TN,$46.50,/ TN,$162.75,3.5,TN,$46.50,/ TN,$162.75
1033075,07/04/25,216006-0001-001 SAYMAGROUP LC,R1,15.0,28,5226,62,3.6,TN,$46.50,/ TN,$167.40,3.6,TN,$46.50,/ TN,$167.40
1033083,07/04/25,214096-0001-001 WALMART-3518,R2,30.0,28,5225,42,5.97,TN,$46.50,/ TN,$277.61,5.97,TN,$46.50,/ TN,$277.61
1033087,07/04/25,211312-0001-001 PROTRANS INTERNATIONAL,R1,30.0,28,5223,79,1.22,TN,$46.50,/ TN,$56.73,1.22,TN,$46.50,/ TN,$56.73
1033098,07/04/25,216039-0001-001 INTERCOM DEMOLITION,R1,30.0,28,5221,56,9.2,TN,$46.50,/ TN,$427.80,9.2,TN,$46.50,/ TN,$427.80
1033114,07/04/25,216018-0001-001 ISC FORWARDER INC,R1,30.0,28,5225,42,1.58,TN,$46.50,/ TN,$73.47,1.58,TN,$46.50,/ TN,$73.47
1033117,07/04/25,205033-0003-002 MALL DEL NORTE,R1,30.0,28,5226,62,1.48,TN,$46.50,/ TN,$68.82,1.48,TN,$46.50,/ TN,$68.82
1033156,07/04/25,210742-0001-002 T A  CARRIERS,R1,30.0,28,5223,79,3.25,TN,$46.50,/ TN,$151.13,3.25,TN,$46.50,/ TN,$151.13
1033170,07/04/25,211450-0001-001 DOCTORS HOSPITAL-COMP,R2,30.0,28,5226,62,2.59,TN,$46.50,/ TN,$120.44,2.59,TN,$46.50,/ TN,$120.44
1033180,07/04/25,209970-0001-002 H E B # 586,R2,30.0,28,5221,56,7.74,TN,$46.50,/ TN,$359.91,7.74,TN,$46.50,/ TN,$359.91
1033208,07/05/25,203347-0001-001 T S I,R1,30.0,28,6226,62,1.01,TN,$46.50,/ TN,$46.97,1.01,TN,$46.50,/ TN,$46.97
1033242,07/05/25,206938-0001-001 S R FWDG-30YD,R1,30.0,28,6223,79,1.7,TN,$46.50,/ TN,$79.05,1.7,TN,$46.50,/ TN,$79.05
1033291,07/05/25,205784-0001-001 EXEL GLOBAL LOGISTICS,R1,30.0,28,6226,62,3.1,TN,$46.50,/ TN,$144.15,3.1,TN,$46.50,/ TN,$144.15
1033375,07/05/25,210340-0001-001 OSHKOSH CORP,R1,30.0,28,6225,42,0.54,TN,$46.50,/ TN,$25.11,0.54,TN,$46.50,/ TN,$25.11
1033382,07/05/25,204273-0001-001 S R FWDG-30YD,R1,30.0,28,6223,79,0.6,TN,$46.50,/ TN,$27.90,0.6,TN,$46.50,/ TN,$27.90
1033393,07/05/25,200573-0001-004 SOUTHERN DISTRIBUTING,R1,30.0,28,6226,62,2.65,TN,$46.50,/ TN,$123.23,2.65,TN,$46.50,/ TN,$123.23
1033481,07/05/25,214368-0001-001 WINFIELD COMMUNITIES,R1,30.0,28,6226,62,1.18,TN,$46.50,/ TN,$54.87,1.18,TN,$46.50,/ TN,$54.87
1033531,07/05/25,214368-0001-001 WINFIELD COMMUNITIES,R1,30.0,28,6299,37,3.7,TN,$46.50,/ TN,$172.05,3.7,TN,$46.50,/ TN,$172.05
1033534,07/05/25,206290-0002-001 UNION PACIFIC,R1,15.0,28,6225,42,0.76,TN,$46.50,/ TN,$35.34,0.76,TN,$46.50,/ TN,$35.34
1033547,07/05/25,214368-0001-001 WINFIELD COMMUNITIES,R1,30.0,28,6226,62,3.83,TN,$46.50,/ TN,$178.10,3.83,TN,$46.50,/ TN,$178.10
1033615,07/05/25,214368-0001-001 WINFIELD COMMUNITIES,R1,30.0,28,6226,62,5.65,TN,$46.50,/ TN,$262.73,5.65,TN,$46.50,/ TN,$262.73
1033676,07/05/25,214368-0001-001 WINFIELD COMMUNITIES,R1,30.0,28,6226,62,3.64,TN,$46.50,/ TN,$169.26,3.64,TN,$46.50,/ TN,$169.26
1033710,07/05/25,"210498-0001-002 MAIN EVENT ENTERTAINMENT, IN",R2,30.0,28,6225,42,14.56,TN,$46.50,/ TN,$677.04,14.56,TN,$46.50,/ TN,$677.04
1033750,07/07/25,210833-0001-001 FUEL AMERICA TRAVEL CTR,R1,30.0,28,1223,79,2.13,TN,$46.50,/ TN,$99.05,2.13,TN,$46.50,/ TN,$99.05
1033771,07/07/25,210839-0001-002 NATURE FRESH FARMS LAREDO,R1,15.0,13,1226,62,3.21,TN,$216.50,/ TN,$694.97,3.21,TN,$216.50,/ TN,$694.97
1033880,07/07/25,210279-0001-001 EBT LOGISTICS INC.,R1,30.0,28,1223,79,1.43,TN,$46.50,/ TN,$66.50,1.43,TN,$46.50,/ TN,$66.50
1033929,07/07/25,209299-0001-002 BEST BUY # 241,R2,30.0,28,1226,62,1.5,TN,$46.50,/ TN,$69.75,1.5,TN,$46.50,/ TN,$69.75
1034051,07/07/25,211341-0001-001 RUSH TRUCK CENTER,R1,30.0,28,1225,42,2.43,TN,$46.50,/ TN,$113.00,2.43,TN,$46.50,/ TN,$113.00
1034082,07/07/25,216027-0001-001 COLEBRACK ENTERPRISES INC,R1,30.0,28,1226,62,6.18,TN,$46.50,/ TN,$287.37,6.18,TN,$46.50,/ TN,$287.37
1034180,07/07/25,210833-0001-001 FUEL AMERICA TRAVEL CTR,R1,30.0,28,1223,79,1.11,TN,$46.50,/ TN,$51.62,1.11,TN,$46.50,/ TN,$51.62
1034227,07/07/25,214096-0001-001 WALMART-3518,R2,30.0,28,1226,62,1.86,TN,$46.50,/ TN,$86.49,1.86,TN,$46.50,/ TN,$86.49
1034252,07/07/25,210842-0001-001 ASCENT FOODS,R1,30.0,13,1225,42,5.36,TN,$216.50,/ TN,"$1,160.44",5.36,TN,$216.50,/ TN,"$1,160.44"
1034263,07/07/25,210131-0001-001 TKR USA INC,R1,30.0,28,1223,79,0.7,TN,$46.50,/ TN,$32.55,0.7,TN,$46.50,/ TN,$32.55
1034351,07/08/25,207516-0001-001 JAMCO INTERNATIONAL,R1,30.0,28,2223,79,2.18,TN,$46.50,/ TN,$101.37,2.18,TN,$46.50,/ TN,$101.37
1034354,07/08/25,214271-0001-001 A E P - TEXAS,R1,30.0,28,2226,62,1.06,TN,$46.50,/ TN,$49.29,1.06,TN,$46.50,/ TN,$49.29
1034357,07/08/25,211365-0001-002 MRS BAIRD'S BAKERY,R1,30.0,28,2299,37,1.22,TN,$46.50,/ TN,$56.73,1.22,TN,$46.50,/ TN,$56.73
1034360,07/08/25,210918-0001-001 TRAVEL AMERICA,R2,30.0,28,2221,56,1.32,TN,$46.50,/ TN,$61.38,1.32,TN,$46.50,/ TN,$61.38
1034410,07/08/25,205033-0001-002 MALL DEL NORTE,R2,30.0,28,2226,62,2.27,TN,$46.50,/ TN,$105.56,2.27,TN,$46.50,/ TN,$105.56
1034455,07/08/25,213507-0001-001 UNITED DAY SCHOOL,R1,30.0,28,2299,37,1.38,TN,$46.50,/ TN,$64.17,1.38,TN,$46.50,/ TN,$64.17
1034474,07/08/25,200746-0001-001 YUSEN LOGISTICS,R1,30.0,28,2223,79,1.57,TN,$46.50,/ TN,$73.01,1.57,TN,$46.50,/ TN,$73.01
1034508,07/08/25,201650-0001-001 KOHL'S STORE # 1059,R2,30.0,24,2221,56,1.57,TN,$0.00,/ TN,$0.00,1.57,TN,$0.00,/ TN,$0.00
1034571,07/08/25,206091-0001-001 PILOT TRAVEL CENTER-0377,R2,40.0,28,2226,62,8.3,TN,$46.50,/ TN,$385.95,8.3,TN,$46.50,/ TN,$385.95
1034587,07/08/25,210687-0001-001 TARGET 2112,R1,30.0,28,2299,37,2.35,TN,$46.50,/ TN,$109.28,2.35,TN,$46.50,/ TN,$109.28
1034620,07/08/25,202692-0001-002 T N T  FIREWORKS,R1,30.0,28,2299,37,1.9,TN,$46.50,/ TN,$88.35,1.9,TN,$46.50,/ TN,$88.35
1034627,07/08/25,215764-0002-001 SKY LIMITED,R1,15.0,28,2221,56,0.76,TN,$46.50,/ TN,$35.34,0.76,TN,$46.50,/ TN,$35.34
1034641,07/08/25,211242-0001-001 BOLANOS & COMPANY,R1,30.0,28,2223,79,1.07,TN,$46.50,/ TN,$49.76,1.07,TN,$46.50,/ TN,$49.76
1034645,07/08/25,202692-0004-002 T N T FIREWORKS,R1,30.0,28,2299,37,0.62,TN,$46.50,/ TN,$28.83,0.62,TN,$46.50,/ TN,$28.83
1034731,07/08/25,209974-0001-001 H E B   # 0449,R2,30.0,28,2226,62,8.17,TN,$46.50,/ TN,$379.91,8.17,TN,$46.50,/ TN,$379.91
1034746,07/09/25,213977-0001-001 PLW WATERWORKS LLC,R1,30.0,28,3223,79,4.15,TN,$46.50,/ TN,$192.98,4.15,TN,$46.50,/ TN,$192.98
1034762,07/08/25,200075-0002-003 A E P TEXAS,R1,30.0,28,2221,56,2.13,TN,$46.50,/ TN,$99.05,2.13,TN,$46.50,/ TN,$99.05
1034809,07/08/25,216029-0001-001 TEXAS INTERNATIONAL ENTERPRISE,R1,30.0,28,2299,37,2.34,TN,$46.50,/ TN,$108.81,2.34,TN,$46.50,/ TN,$108.81
1034836,07/08/25,214271-0001-001 A E P - TEXAS,R1,30.0,28,2221,56,2.21,TN,$46.50,/ TN,$102.77,2.21,TN,$46.50,/ TN,$102.77
1034846,07/08/25,206957-0001-001 KONGSBERG DRIVELINE SYST INC,R1,30.0,28,2226,62,1.72,TN,$46.50,/ TN,$79.98,1.72,TN,$46.50,/ TN,$79.98
1034872,07/08/25,202589-0001-001 T C INTERNATIONAL,R1,30.0,28,2223,79,4.22,TN,$46.50,/ TN,$196.23,4.22,TN,$46.50,/ TN,$196.23
1034893,07/08/25,208792-0001-001 TEXAS DISCOUNT FURNITURE,R1,30.0,28,2299,37,0.98,TN,$46.50,/ TN,$45.57,0.98,TN,$46.50,/ TN,$45.57
1034917,07/08/25,210378-0001-002 SOUTH TEXAS FOOD BANK,R1,30.0,28,2221,56,2.19,TN,$46.50,/ TN,$101.84,2.19,TN,$46.50,/ TN,$101.84
1034961,07/08/25,200632-0001-001 SOUTH TEXAS MOULDING,R1,15.0,28,2226,62,0.77,TN,$46.50,/ TN,$35.81,0.77,TN,$46.50,/ TN,$35.81
1034964,07/08/25,210131-0001-001 TKR USA INC,R1,30.0,28,2223,79,0.38,TN,$46.50,/ TN,$17.67,0.38,TN,$46.50,/ TN,$17.67
1034972,07/08/25,213543-0001-001 K-FLEX USA LAREDO,R1,30.0,28,2299,37,0.44,TN,$46.50,/ TN,$20.46,0.44,TN,$46.50,/ TN,$20.46
1034977,07/08/25,203122-0001-001 ZARSKY LUMBER,R1,30.0,28,2221,56,0.61,TN,$46.50,/ TN,$28.37,0.61,TN,$46.50,/ TN,$28.37
1034998,07/09/25,210791-0001-001 ALEXANDER DEPOT,R1,30.0,28,3223,79,3.71,TN,$46.50,/ TN,$172.52,3.71,TN,$46.50,/ TN,$172.52
1035005,07/09/25,215833-0001-001 WASTE HARMONICS PILOT 137000,R2,30.0,28,3226,62,10.7,TN,$46.50,/ TN,$497.55,10.7,TN,$46.50,/ TN,$497.55
1035015,07/09/25,215911-0001-001 JEFFERSON FORWARDING,R1,30.0,28,3224,57,0.35,TN,$46.50,/ TN,$16.28,0.35,TN,$46.50,/ TN,$16.28
1035025,07/09/25,207492-0001-001 GERBER PLUMBING FIXTURES LLC,R1,30.0,28,3299,37,2.85,TN,$46.50,/ TN,$132.53,2.85,TN,$46.50,/ TN,$132.53
1035030,07/08/25,212307-0002-002 MISSION PRODUCE,R1,30.0,13,2225,42,7.71,TN,$216.50,/ TN,"$1,669.22",7.71,TN,$216.50,/ TN,"$1,669.22"
1035062,07/09/25,212256-0001-002 US COLD STORAGE,R2,30.0,28,3221,56,3.52,TN,$46.50,/ TN,$163.68,3.52,TN,$46.50,/ TN,$163.68
1035098,07/09/25,213782-0001-001 XPO LOGISTICS/LTL/LLA (XPO000LLA),R1,30.0,28,3223,79,2.0,TN,$46.50,/ TN,$93.00,2.0,TN,$46.50,/ TN,$93.00
1035160,07/09/25,208886-0001-001 FONTAINE MODIFICATION,R1,30.0,28,3224,57,1.18,TN,$46.50,/ TN,$54.87,1.18,TN,$46.50,/ TN,$54.87
1035224,07/09/25,213612-0001-001 TRANSPLACE MEXICO LLC,R1,30.0,28,3221,56,0.53,TN,$46.50,/ TN,$24.65,0.53,TN,$46.50,/ TN,$24.65
1035225,07/09/25,213782-0001-001 XPO LOGISTICS/LTL/LLA (XPO000LLA),R1,30.0,28,3223,79,1.84,TN,$46.50,/ TN,$85.56,1.84,TN,$46.50,/ TN,$85.56
1035232,07/09/25,214049-0001-001 TP COCINA LLC,R1,15.0,28,3226,62,1.38,TN,$46.50,/ TN,$64.17,1.38,TN,$46.50,/ TN,$64.17
1035270,07/09/25,205033-0003-002 MALL DEL NORTE,R1,30.0,28,3226,62,0.82,TN,$46.50,/ TN,$38.13,0.82,TN,$46.50,/ TN,$38.13
1035274,07/09/25,200810-0001-001 EXPEDITORS INT'L OF WASHING,R1,30.0,28,3299,37,2.44,TN,$46.50,/ TN,$113.46,2.44,TN,$46.50,/ TN,$113.46
1035290,07/09/25,209686-0001-001 UNITRADE STADIUM,R2,30.0,28,3224,57,1.55,TN,$46.50,/ TN,$72.08,1.55,TN,$46.50,/ TN,$72.08
1035306,07/08/25,209971-0002-001 H E B MERCADO,R1,30.0,28,2225,42,11.04,TN,$46.50,/ TN,$513.36,11.04,TN,$46.50,/ TN,$513.36
1035365,07/09/25,205738-0001-001 FRENCH ELLISON TRUCK CTR,R1,30.0,28,3299,37,1.02,TN,$46.50,/ TN,$47.43,1.02,TN,$46.50,/ TN,$47.43
1035366,07/09/25,206942-0002-002 CARGOQUIN INC,R1,30.0,28,3223,79,3.71,TN,$46.50,/ TN,$172.52,3.71,TN,$46.50,/ TN,$172.52
1035414,07/09/25,210842-0001-001 ASCENT FOODS,R1,30.0,13,3221,56,4.32,TN,$216.50,/ TN,$935.28,4.32,TN,$216.50,/ TN,$935.28
1035501,07/08/25,210584-0001-002 LOWE'S,R2,30.0,28,2225,42,7.0,TN,$46.50,/ TN,$325.50,7.0,TN,$46.50,/ TN,$325.50
1035503,07/09/25,214097-0001-001 WAL MART - 5713,R2,30.0,28,3224,57,10.94,TN,$46.50,/ TN,$508.71,10.94,TN,$46.50,/ TN,$508.71
1035504,07/09/25,213405-0001-001 EXPEDITOR'S INT'L OF WASHINGTON,R1,30.0,28,3299,37,1.68,TN,$46.50,/ TN,$78.12,1.68,TN,$46.50,/ TN,$78.12
1035511,07/09/25,211871-0001-001 AUTO TRUCK (ATC)-LAREDO 544,R1,30.0,28,3223,79,1.5,TN,$46.50,/ TN,$69.75,1.5,TN,$46.50,/ TN,$69.75
1035517,07/09/25,210001-0001-002 HOME GOODS,R2,40.0,24,3221,56,5.01,TN,$0.00,/ TN,$0.00,5.01,TN,$0.00,/ TN,$0.00
1035535,07/09/25,210687-0001-001 TARGET 2112,R1,30.0,28,3299,37,3.3,TN,$46.50,/ TN,$153.45,3.3,TN,$46.50,/ TN,$153.45
1035551,07/09/25,215997-0002-001 MEDINA ELECTRIC,R1,30.0,28,3221,56,2.81,TN,$46.50,/ TN,$130.67,2.81,TN,$46.50,/ TN,$130.67
1035603,07/09/25,210131-0001-001 TKR USA INC,R1,30.0,28,3223,79,0.58,TN,$46.50,/ TN,$26.97,0.58,TN,$46.50,/ TN,$26.97
1035611,07/09/25,214242-0001-001 HERITAGE LANDSCAPE,R1,30.0,28,3221,56,1.34,TN,$46.50,/ TN,$62.31,1.34,TN,$46.50,/ TN,$62.31
1035615,07/09/25,209761-0001-001 US INTERMODAL,R1,30.0,28,3226,62,2.0,TN,$46.50,/ TN,$93.00,2.0,TN,$46.50,/ TN,$93.00
1035626,07/08/25,205784-0001-001 EXEL GLOBAL LOGISTICS,R1,30.0,28,2225,42,3.69,TN,$46.50,/ TN,$171.59,3.69,TN,$46.50,/ TN,$171.59
1035633,07/09/25,204106-0001-001 BROKERS LOGISTICS,R1,30.0,28,3224,57,0.57,TN,$46.50,/ TN,$26.51,0.57,TN,$46.50,/ TN,$26.51
1035636,07/09/25,211219-0001-001 TRI-NATIONAL INC,R1,30.0,28,3221,56,0.75,TN,$46.50,/ TN,$34.88,0.75,TN,$46.50,/ TN,$34.88
1035640,07/09/25,200632-0001-001 SOUTH TEXAS MOULDING,R1,15.0,28,3226,62,1.23,TN,$46.50,/ TN,$57.20,1.23,TN,$46.50,/ TN,$57.20
1035660,07/10/25,209761-0001-001 US INTERMODAL,R1,30.0,28,4226,62,1.95,TN,$46.50,/ TN,$90.68,1.95,TN,$46.50,/ TN,$90.68
1035673,07/10/25,202091-0001-001 AMERICA DISPATCH,R1,30.0,28,4223,79,0.94,TN,$46.50,/ TN,$43.71,0.94,TN,$46.50,/ TN,$43.71
1035692,07/10/25,214100-0001-001 WAL MART 554,R2,30.0,28,4224,57,4.24,TN,$46.50,/ TN,$197.16,4.24,TN,$46.50,/ TN,$197.16
1035693,07/10/25,205033-0001-002 MALL DEL NORTE,R2,30.0,28,4226,62,2.56,TN,$46.50,/ TN,$119.04,2.56,TN,$46.50,/ TN,$119.04
1035743,07/10/25,210918-0001-001 TRAVEL AMERICA,R2,30.0,28,4225,42,3.48,TN,$46.50,/ TN,$161.82,3.48,TN,$46.50,/ TN,$161.82
1035764,07/10/25,216001-0001-001 GFL ENVIRONMENTAL,R1,30.0,28,4223,79,0.26,TN,$46.50,/ TN,$12.09,0.26,TN,$46.50,/ TN,$12.09
1035817,07/10/25,200573-0001-002 SOUTHERN DISTRIBUTING,R1,10.0,28,4226,62,3.2,TN,$46.50,/ TN,$148.80,3.2,TN,$46.50,/ TN,$148.80
1035822,07/10/25,205033-0003-002 MALL DEL NORTE,R1,30.0,28,4224,57,1.94,TN,$46.50,/ TN,$90.21,1.94,TN,$46.50,/ TN,$90.21
1035848,07/10/25,216027-0001-001 COLEBRACK ENTERPRISES INC,R1,30.0,28,4226,62,3.89,TN,$46.50,/ TN,$180.89,3.89,TN,$46.50,/ TN,$180.89
1035853,07/10/25,201216-0001-001 PALOS GARZA FORWARDING,R1,30.0,28,4223,79,0.47,TN,$46.50,/ TN,$21.86,0.47,TN,$46.50,/ TN,$21.86
1035922,07/10/25,209686-0001-002 UNITRADE STADIUM,R1,30.0,28,4224,57,0.72,TN,$46.50,/ TN,$33.48,0.72,TN,$46.50,/ TN,$33.48
1035934,07/10/25,210833-0001-001 FUEL AMERICA TRAVEL CTR,R1,30.0,28,4221,56,1.13,TN,$46.50,/ TN,$52.55,1.13,TN,$46.50,/ TN,$52.55
1035941,07/10/25,210833-0001-001 FUEL AMERICA TRAVEL CTR,R1,30.0,28,4225,42,1.2,TN,$46.50,/ TN,$55.80,1.2,TN,$46.50,/ TN,$55.80
1035965,07/10/25,213543-0002-001 K-FLEX USA LAREDO,R1,30.0,28,4226,62,0.75,TN,$46.50,/ TN,$34.88,0.75,TN,$46.50,/ TN,$34.88
1036031,07/10/25,200904-0001-001 LAREDO JOB COR -30YD,R1,30.0,28,4223,79,0.55,TN,$46.50,/ TN,$25.58,0.55,TN,$46.50,/ TN,$25.58
1036056,07/10/25,209972-0001-002 H E B,R2,30.0,28,4224,57,12.74,TN,$46.50,/ TN,$592.41,12.74,TN,$46.50,/ TN,$592.41
1036071,07/10/25,210394-0002-001 INSCO EQUIPMENT SUPPLIES,R1,20.0,28,4226,62,0.74,TN,$46.50,/ TN,$34.41,0.74,TN,$46.50,/ TN,$34.41
1036074,07/10/25,214099-0001-001 WAL MART 8156 (SAM'S),R2,30.0,28,4225,42,17.73,TN,$46.50,/ TN,$824.45,17.73,TN,$46.50,/ TN,$824.45
1036105,07/10/25,210378-0001-002 SOUTH TEXAS FOOD BANK,R1,30.0,28,4223,79,1.85,TN,$46.50,/ TN,$86.03,1.85,TN,$46.50,/ TN,$86.03
1036117,07/10/25,215858-0001-001 DONATO RAMOS,R1,30.0,28,4221,56,7.87,TN,$46.50,/ TN,$365.96,7.87,TN,$46.50,/ TN,$365.96
1036188,07/10/25,210394-0002-002 INSCO EQUIPMENT SUPPLIES,R1,30.0,28,4226,62,1.02,TN,$46.50,/ TN,$47.43,1.02,TN,$46.50,/ TN,$47.43
1036189,07/10/25,210131-0001-001 TKR USA INC,R1,30.0,28,4223,79,1.23,TN,$46.50,/ TN,$57.20,1.23,TN,$46.50,/ TN,$57.20
1036197,07/10/25,200573-0001-004 SOUTHERN DISTRIBUTING,R1,30.0,28,4224,57,2.36,TN,$46.50,/ TN,$109.74,2.36,TN,$46.50,/ TN,$109.74
1036211,07/10/25,210925-0001-001 BRICER INC.,R1,30.0,28,4221,56,0.97,TN,$46.50,/ TN,$45.11,0.97,TN,$46.50,/ TN,$45.11
1036232,07/10/25,214363-0001-001 COCA COLA,R1,30.0,28,4221,56,1.43,TN,$46.50,/ TN,$66.50,1.43,TN,$46.50,/ TN,$66.50
1036245,07/11/25,215878-0001-001 MEXUS COLD STORAGE,R1,30.0,28,5224,57,1.16,TN,$46.50,/ TN,$53.94,1.16,TN,$46.50,/ TN,$53.94
1036260,07/11/25,204203-0001-001 FLYING J #730,R2,30.0,28,5221,56,4.08,TN,$46.50,/ TN,$189.72,4.08,TN,$46.50,/ TN,$189.72
1036282,07/11/25,214336-0001-001 SUN LINE COMMERCIAL CARRIERS,R1,30.0,28,5223,79,11.06,TN,$46.50,/ TN,$514.29,11.06,TN,$46.50,/ TN,$514.29
1036316,07/11/25,213779-0001-002 WARD CONTRACTING LLC,R1,40.0,28,5225,42,1.71,TN,$46.50,/ TN,$79.52,1.71,TN,$46.50,/ TN,$79.52
1036358,07/11/25,208886-0001-001 FONTAINE MODIFICATION,R1,30.0,28,5224,57,0.9,TN,$46.50,/ TN,$41.85,0.9,TN,$46.50,/ TN,$41.85
1036369,07/11/25,200907-0001-001 WERNER ENTERPRISES,R1,30.0,28,5221,56,2.02,TN,$46.50,/ TN,$93.93,2.02,TN,$46.50,/ TN,$93.93
1036391,07/11/25,216023-0001-001 GENERAL DYNAMICS,R1,30.0,28,5223,79,1.3,TN,$46.50,/ TN,$60.45,1.3,TN,$46.50,/ TN,$60.45
1036442,07/11/25,212307-0002-001 MISSION PRODUCE,R1,40.0,28,5225,42,2.21,TN,$46.50,/ TN,$102.77,2.21,TN,$46.50,/ TN,$102.77
1036471,07/11/25,208512-0001-001 FORZA TRANSPORTATION,R1,30.0,28,5225,42,2.74,TN,$46.50,/ TN,$127.41,2.74,TN,$46.50,/ TN,$127.41
1036475,07/11/25,211312-0001-001 PROTRANS INTERNATIONAL,R1,30.0,28,5223,79,1.28,TN,$46.50,/ TN,$59.52,1.28,TN,$46.50,/ TN,$59.52
1036486,07/11/25,201871-0001-001 LASER FORWARDING,R1,30.0,28,5224,57,0.58,TN,$46.50,/ TN,$26.97,0.58,TN,$46.50,/ TN,$26.97
1036500,07/11/25,"208444-0001-001 USDA-APHIS, VS",R1,10.0,28,5226,62,2.42,TN,$46.50,/ TN,$112.53,2.42,TN,$46.50,/ TN,$112.53
1036501,07/11/25,207669-0001-001 TRUCK MOVERS,R1,30.0,28,5225,42,6.57,TN,$46.50,/ TN,$305.51,6.57,TN,$46.50,/ TN,$305.51
1036510,07/11/25,213600-0001-001 CARMELITA LAND & CATTLE,R1,30.0,28,5221,56,4.6,TN,$46.50,/ TN,$213.90,4.6,TN,$46.50,/ TN,$213.90
1036543,07/11/25,206229-0005-002 LAREDO TRUSS,R1,30.0,28,5223,79,2.52,TN,$46.50,/ TN,$117.18,2.52,TN,$46.50,/ TN,$117.18
1036559,07/11/25,216025-0001-001 ALLURA,R1,30.0,28,5224,57,11.38,TN,$46.50,/ TN,$529.17,11.38,TN,$46.50,/ TN,$529.17
1036571,07/11/25,216025-0001-001 ALLURA,R1,30.0,28,5226,62,12.31,TN,$46.50,/ TN,$572.42,12.31,TN,$46.50,/ TN,$572.42
1036610,07/11/25,215805-0001-001 Precision Waste Solutions,R1,30.0,28,5224,57,2.02,TN,$46.50,/ TN,$93.93,2.02,TN,$46.50,/ TN,$93.93
1036636,07/11/25,214368-0001-001 WINFIELD COMMUNITIES,R1,30.0,28,5226,62,7.13,TN,$46.50,/ TN,$331.55,7.13,TN,$46.50,/ TN,$331.55
1036658,07/11/25,205224-0001-002 LA POSADA HOTEL,R2,30.0,28,5225,42,1.38,TN,$46.50,/ TN,$64.17,1.38,TN,$46.50,/ TN,$64.17
1036694,07/11/25,215838-0001-001 ETX LOGISTICS,R1,30.0,28,5223,79,2.16,TN,$46.50,/ TN,$100.44,2.16,TN,$46.50,/ TN,$100.44
1036699,07/11/25,207669-0001-001 TRUCK MOVERS,R1,30.0,28,5226,62,5.61,TN,$46.50,/ TN,$260.87,5.61,TN,$46.50,/ TN,$260.87
1036700,07/11/25,211450-0001-001 DOCTORS HOSPITAL-COMP,R2,30.0,28,5221,56,7.39,TN,$46.50,/ TN,$343.64,7.39,TN,$46.50,/ TN,$343.64
1036722,07/11/25,207669-0001-001 TRUCK MOVERS,R1,30.0,28,5221,56,4.18,TN,$46.50,/ TN,$194.37,4.18,TN,$46.50,/ TN,$194.37
1036738,07/11/25,209368-0003-001 RYDER INTEGRATED LOGISTICS,R1,30.0,28,5224,57,1.66,TN,$46.50,/ TN,$77.19,1.66,TN,$46.50,/ TN,$77.19
1036780,07/11/25,214049-0001-001 TP COCINA LLC,R1,15.0,28,5226,62,0.88,TN,$46.50,/ TN,$40.92,0.88,TN,$46.50,/ TN,$40.92
1036782,07/11/25,210131-0001-001 TKR USA INC,R1,30.0,28,5223,79,0.42,TN,$46.50,/ TN,$19.53,0.42,TN,$46.50,/ TN,$19.53
1036787,07/11/25,213474-0002-001 THE OUTLETS SHOPPES AT LAREDO,R1,30.0,28,5225,42,5.99,TN,$46.50,/ TN,$278.54,5.99,TN,$46.50,/ TN,$278.54
1036792,07/11/25,210842-0001-001 ASCENT FOODS,R1,30.0,28,5221,56,3.97,TN,$46.50,/ TN,$184.61,3.97,TN,$46.50,/ TN,$184.61
1036842,07/12/25,207655-0001-001 ROSS STORE #1270,R2,30.0,28,6221,56,5.94,TN,$46.50,/ TN,$276.21,5.94,TN,$46.50,/ TN,$276.21
1036856,07/12/25,213800-0001-002 RODOLFO SEPULVEDA,R1,30.0,28,6299,37,6.6,TN,$46.50,/ TN,$306.90,6.6,TN,$46.50,/ TN,$306.90
1036864,07/12/25,211242-0001-001 BOLANOS & COMPANY,R1,30.0,28,6223,79,0.7,TN,$46.50,/ TN,$32.55,0.7,TN,$46.50,/ TN,$32.55
1036866,07/12/25,206290-0002-001 UNION PACIFIC,R1,15.0,28,6220,69,0.72,TN,$46.50,/ TN,$33.48,0.72,TN,$46.50,/ TN,$33.48
1036875,07/12/25,205784-0001-001 EXEL GLOBAL LOGISTICS,R1,30.0,28,6224,57,1.39,TN,$46.50,/ TN,$64.64,1.39,TN,$46.50,/ TN,$64.64
1036955,07/12/25,208551-0001-001 TRANE SUPPLY,R1,30.0,28,6221,56,0.66,TN,$46.50,/ TN,$30.69,0.66,TN,$46.50,/ TN,$30.69
1036959,07/12/25,210839-0001-002 NATURE FRESH FARMS LAREDO,R1,15.0,13,6220,69,3.99,TN,$216.50,/ TN,$863.84,3.99,TN,$216.50,/ TN,$863.84
1036985,07/12/25,200770-0001-002 FEDERAL EXPRESS,R1,30.0,28,6224,57,1.16,TN,$46.50,/ TN,$53.94,1.16,TN,$46.50,/ TN,$53.94
1037003,07/12/25,205738-0001-001 FRENCH ELLISON TRUCK CTR,R1,30.0,28,6299,37,1.34,TN,$46.50,/ TN,$62.31,1.34,TN,$46.50,/ TN,$62.31
1037023,07/12/25,206938-0001-001 S R FWDG-30YD,R1,30.0,28,6223,79,1.37,TN,$46.50,/ TN,$63.71,1.37,TN,$46.50,/ TN,$63.71
1037033,07/12/25,211226-0001-001 TARGET-TGT002112,R3,30.0,28,6299,37,9.58,TN,$46.50,/ TN,$445.47,9.58,TN,$46.50,/ TN,$445.47
1037066,07/12/25,214049-0001-001 TP COCINA LLC,R1,15.0,28,6220,69,0.26,TN,$46.50,/ TN,$12.09,0.26,TN,$46.50,/ TN,$12.09
1037072,07/12/25,203347-0001-001 T S I,R1,30.0,28,6221,56,1.04,TN,$46.50,/ TN,$48.36,1.04,TN,$46.50,/ TN,$48.36
1037089,07/12/25,209970-0001-002 H E B # 586,R2,30.0,28,6224,57,11.4,TN,$46.50,/ TN,$530.10,11.4,TN,$46.50,/ TN,$530.10
1037097,07/12/25,213474-0001-001 THE OUTLETS SHOPPES AT LAREDO,R1,30.0,24,6225,42,4.02,TN,$0.00,/ TN,$0.00,4.02,TN,$0.00,/ TN,$0.00
1037103,07/12/25,216026-0001-001 ISMAEL ZAMORA,R1,30.0,28,6221,56,6.47,TN,$46.50,/ TN,$300.86,6.47,TN,$46.50,/ TN,$300.86
1037142,07/12/25,200573-0001-004 SOUTHERN DISTRIBUTING,R1,30.0,28,6299,37,0.59,TN,$46.50,/ TN,$27.44,0.59,TN,$46.50,/ TN,$27.44
1037157,07/12/25,204273-0001-001 S R FWDG-30YD,R1,30.0,28,6223,79,3.29,TN,$46.50,/ TN,$152.99,3.29,TN,$46.50,/ TN,$152.99
1037177,07/12/25,216027-0001-001 COLEBRACK ENTERPRISES INC,R1,30.0,28,6299,37,4.52,TN,$46.50,/ TN,$210.18,4.52,TN,$46.50,/ TN,$210.18
1037217,07/12/25,214368-0001-001 WINFIELD COMMUNITIES,R1,30.0,28,6299,37,3.73,TN,$46.50,/ TN,$173.45,3.73,TN,$46.50,/ TN,$173.45
1037269,07/12/25,208878-0001-001 T & T FORWARDING,R1,30.0,28,6223,79,0.57,TN,$46.50,/ TN,$26.51,0.57,TN,$46.50,/ TN,$26.51
1037321,07/12/25,209968-0001-001 H E B # 207 COMPACTOR,R2,30.0,28,6225,42,11.82,TN,$46.50,/ TN,$549.63,11.82,TN,$46.50,/ TN,$549.63
1037328,07/12/25,210340-0001-001 OSHKOSH CORP,R1,30.0,28,6224,57,0.11,TN,$46.50,/ TN,$5.12,0.11,TN,$46.50,/ TN,$5.12
1037360,07/12/25,207669-0001-001 TRUCK MOVERS,R1,30.0,28,6221,56,1.75,TN,$46.50,/ TN,$81.38,1.75,TN,$46.50,/ TN,$81.38
1037369,07/12/25,214368-0001-001 WINFIELD COMMUNITIES,R1,30.0,28,6299,37,3.85,TN,$46.50,/ TN,$179.03,3.85,TN,$46.50,/ TN,$179.03
1037385,07/12/25,213405-0001-001 EXPEDITOR'S INT'L OF WASHINGTON,R1,30.0,28,6221,56,1.32,TN,$46.50,/ TN,$61.38,1.32,TN,$46.50,/ TN,$61.38
1037460,07/12/25,214368-0001-001 WINFIELD COMMUNITIES,R1,30.0,28,6299,37,3.5,TN,$46.50,/ TN,$162.75,3.5,TN,$46.50,/ TN,$162.75
1037479,07/12/25,207793-0001-001 DR IKES,R1,30.0,28,6221,56,3.64,TN,$46.50,/ TN,$169.26,3.64,TN,$46.50,/ TN,$169.26
1037497,07/12/25,204349-0003-001 MARTINEZ PAVING,R1,30.0,28,6225,42,3.6,TN,$46.50,/ TN,$167.40,3.6,TN,$46.50,/ TN,$167.40
1037564,07/14/25,210687-0001-001 TARGET 2112,R1,30.0,28,1299,37,2.88,TN,$46.50,/ TN,$133.92,2.88,TN,$46.50,/ TN,$133.92
1037571,07/14/25,216001-0001-001 GFL ENVIRONMENTAL,R1,30.0,28,1223,79,2.04,TN,$46.50,/ TN,$94.86,2.04,TN,$46.50,/ TN,$94.86
1037581,07/14/25,214339-0001-001 LOVE'S TRAVEL STOPS 862,R2,30.0,28,1221,56,5.96,TN,$46.50,/ TN,$277.14,5.96,TN,$46.50,/ TN,$277.14
1037590,07/14/25,210833-0001-001 FUEL AMERICA TRAVEL CTR,R1,30.0,28,1299,37,1.27,TN,$46.50,/ TN,$59.06,1.27,TN,$46.50,/ TN,$59.06
1037610,07/14/25,208512-0001-001 FORZA TRANSPORTATION,R1,30.0,28,1299,37,0.88,TN,$46.50,/ TN,$40.92,0.88,TN,$46.50,/ TN,$40.92
1037644,07/14/25,210460-0001-001 LOVE'S TRAVEL STOPS L0298,R2,30.0,28,1224,57,5.92,TN,$46.50,/ TN,$275.28,5.92,TN,$46.50,/ TN,$275.28
1037652,07/14/25,202956-0001-001 LA SALLE COUNTY DETENTION,R2,30.0,13,1226,62,4.45,TN,$216.50,/ TN,$963.43,4.45,TN,$216.50,/ TN,$963.43
1037714,07/14/25,210918-0001-001 TRAVEL AMERICA,R2,30.0,28,1225,42,1.12,TN,$46.50,/ TN,$52.08,1.12,TN,$46.50,/ TN,$52.08
1037725,07/14/25,205033-0003-002 MALL DEL NORTE,R1,30.0,28,1299,37,0.55,TN,$46.50,/ TN,$25.58,0.55,TN,$46.50,/ TN,$25.58
1037745,07/14/25,207516-0001-001 JAMCO INTERNATIONAL,R1,30.0,28,1223,79,1.09,TN,$46.50,/ TN,$50.69,1.09,TN,$46.50,/ TN,$50.69
1037806,07/14/25,210833-0001-001 FUEL AMERICA TRAVEL CTR,R1,30.0,28,1221,56,1.31,TN,$46.50,/ TN,$60.92,1.31,TN,$46.50,/ TN,$60.92
1037811,07/14/25,215720-0001-001 EWING IRRIGATION INC,R1,30.0,28,1299,37,1.18,TN,$46.50,/ TN,$54.87,1.18,TN,$46.50,/ TN,$54.87
1037876,07/14/25,210918-0001-001 TRAVEL AMERICA,R2,30.0,28,1224,57,1.33,TN,$46.50,/ TN,$61.85,1.33,TN,$46.50,/ TN,$61.85
1037897,07/14/25,200573-0001-004 SOUTHERN DISTRIBUTING,R1,30.0,28,1299,37,1.69,TN,$46.50,/ TN,$78.59,1.69,TN,$46.50,/ TN,$78.59
1037988,07/16/25,216067-0001-001 INTERNATIONAL FREIGHT FORWARDER,R1,30.0,28,3223,79,3.95,TN,$46.50,/ TN,$183.68,3.95,TN,$46.50,/ TN,$183.68
1037988,07/16/25,216067-0001-001 INTERNATIONAL FREIGHT FORWARDER,R1,30.0,9,3223,79,2.0,EA,$10.00,/ EA,$20.00,2.0,EA,$10.00,/ EA,$20.00
1037994,07/14/25,213636-0001-002 CARTER EXPRESS INC,R1,30.0,28,1225,42,1.24,TN,$46.50,/ TN,$57.66,1.24,TN,$46.50,/ TN,$57.66
1038011,07/14/25,210131-0001-001 TKR USA INC,R1,30.0,28,1223,79,0.68,TN,$46.50,/ TN,$31.62,0.68,TN,$46.50,/ TN,$31.62
1038018,07/14/25,208512-0001-001 FORZA TRANSPORTATION,R1,30.0,28,1221,56,2.73,TN,$46.50,/ TN,$126.95,2.73,TN,$46.50,/ TN,$126.95
1038047,07/14/25,204023-0001-001 CITY OF COTULLA,R1,20.0,14,1226,62,9.02,TN,$46.50,/ TN,$419.43,9.02,TN,$46.50,/ TN,$419.43
1038049,07/14/25,208512-0001-001 FORZA TRANSPORTATION,R1,30.0,28,1221,56,1.05,TN,$46.50,/ TN,$48.83,1.05,TN,$46.50,/ TN,$48.83
1038050,07/14/25,215997-0001-001 MEDINA ELECTRIC,R1,30.0,28,1224,57,1.16,TN,$46.50,/ TN,$53.94,1.16,TN,$46.50,/ TN,$53.94
1038072,07/14/25,209568-0001-002 I-35 CHURCH,R1,30.0,28,1299,37,3.55,TN,$46.50,/ TN,$165.08,3.55,TN,$46.50,/ TN,$165.08
1038101,07/14/25,210584-0001-002 LOWE'S,R2,30.0,28,1225,42,2.8,TN,$46.50,/ TN,$130.20,2.8,TN,$46.50,/ TN,$130.20
1038130,07/15/25,204203-0001-001 FLYING J #730,R2,30.0,28,2221,56,2.43,TN,$46.50,/ TN,$113.00,2.43,TN,$46.50,/ TN,$113.00
1038147,07/15/25,201906-0001-001 S R FWDG-30YD,R1,30.0,28,2224,57,0.76,TN,$46.50,/ TN,$35.34,0.76,TN,$46.50,/ TN,$35.34
1038153,07/15/25,211312-0001-001 PROTRANS INTERNATIONAL,R1,30.0,28,2223,79,1.14,TN,$46.50,/ TN,$53.01,1.14,TN,$46.50,/ TN,$53.01
1038171,07/15/25,210839-0001-002 NATURE FRESH FARMS LAREDO,R1,15.0,13,2226,62,1.41,TN,$216.50,/ TN,$305.27,1.41,TN,$216.50,/ TN,$305.27
1038193,07/15/25,209701-0001-001 LINCOLN FREIGHT,R1,30.0,28,2225,42,1.91,TN,$46.50,/ TN,$88.82,1.91,TN,$46.50,/ TN,$88.82
1038195,07/15/25,212205-0001-001 UETA INC-OPEN TOP,R1,30.0,28,2299,37,1.58,TN,$46.50,/ TN,$73.47,1.58,TN,$46.50,/ TN,$73.47
1038216,07/15/25,204971-0001-001 SWIFT TRANSPORTATION,R1,30.0,28,2221,56,2.41,TN,$46.50,/ TN,$112.07,2.41,TN,$46.50,/ TN,$112.07
1038234,07/15/25,210378-0001-002 SOUTH TEXAS FOOD BANK,R1,30.0,28,2224,57,2.35,TN,$46.50,/ TN,$109.28,2.35,TN,$46.50,/ TN,$109.28
1038241,07/15/25,211365-0001-002 MRS BAIRD'S BAKERY,R1,30.0,28,2221,56,1.38,TN,$46.50,/ TN,$64.17,1.38,TN,$46.50,/ TN,$64.17
1038248,07/15/25,200573-0001-004 SOUTHERN DISTRIBUTING,R1,30.0,28,2226,62,0.91,TN,$46.50,/ TN,$42.32,0.91,TN,$46.50,/ TN,$42.32
1038256,07/15/25,200573-0001-004 SOUTHERN DISTRIBUTING,R1,30.0,28,2299,37,1.83,TN,$46.50,/ TN,$85.10,1.83,TN,$46.50,/ TN,$85.10
1038261,07/15/25,214336-0001-001 SUN LINE COMMERCIAL CARRIERS,R1,30.0,28,2223,79,8.44,TN,$46.50,/ TN,$392.46,8.44,TN,$46.50,/ TN,$392.46
1038293,07/15/25,213543-0002-001 K-FLEX USA LAREDO,R1,30.0,28,2299,37,0.93,TN,$46.50,/ TN,$43.25,0.93,TN,$46.50,/ TN,$43.25
1038326,07/15/25,216029-0001-001 TEXAS INTERNATIONAL ENTERPRISE,R1,30.0,28,2299,37,1.45,TN,$46.50,/ TN,$67.43,1.45,TN,$46.50,/ TN,$67.43
1038345,07/15/25,209974-0001-001 H E B   # 0449,R2,30.0,28,2221,56,8.71,TN,$46.50,/ TN,$405.02,8.71,TN,$46.50,/ TN,$405.02
1038350,07/15/25,215958-0001-001 LEWIS WOODUL,R1,15.0,28,2226,62,1.87,TN,$46.50,/ TN,$86.96,1.87,TN,$46.50,/ TN,$86.96
1038357,07/15/25,211450-0001-001 DOCTORS HOSPITAL-COMP,R2,30.0,28,2224,57,4.11,TN,$46.50,/ TN,$191.12,4.11,TN,$46.50,/ TN,$191.12
1038374,07/15/25,201906-0001-001 S R FWDG-30YD,R1,30.0,28,2221,56,2.85,TN,$46.50,/ TN,$132.53,2.85,TN,$46.50,/ TN,$132.53
1038394,07/15/25,214049-0001-001 TP COCINA LLC,R1,15.0,28,2226,62,0.73,TN,$46.50,/ TN,$33.95,0.73,TN,$46.50,/ TN,$33.95
1038446,07/15/25,213784-0001-002 ABD LOGISTICS LLC,R1,30.0,28,2223,79,2.24,TN,$46.50,/ TN,$104.16,2.24,TN,$46.50,/ TN,$104.16
1038486,07/15/25,205224-0001-002 LA POSADA HOTEL,R2,30.0,28,2225,42,0.71,TN,$46.50,/ TN,$33.02,0.71,TN,$46.50,/ TN,$33.02
1038526,07/15/25,209975-0001-001 H E B #186 COMPACTOR,R2,30.0,28,2224,57,8.04,TN,$46.50,/ TN,$373.86,8.04,TN,$46.50,/ TN,$373.86
1038537,07/15/25,208851-0001-001 TERRACON,R1,10.0,28,2226,62,5.37,TN,$46.50,/ TN,$249.71,5.37,TN,$46.50,/ TN,$249.71
1038556,07/15/25,200746-0001-001 YUSEN LOGISTICS,R1,30.0,28,2223,79,1.84,TN,$46.50,/ TN,$85.56,1.84,TN,$46.50,/ TN,$85.56
1038610,07/15/25,203122-0001-001 ZARSKY LUMBER,R1,30.0,28,2221,56,1.15,TN,$46.50,/ TN,$53.48,1.15,TN,$46.50,/ TN,$53.48
1038648,07/15/25,205163-0001-001 CINEMARK  THEATER #385,R2,30.0,28,2225,42,10.53,TN,$46.50,/ TN,$489.65,10.53,TN,$46.50,/ TN,$489.65
1038661,07/15/25,210182-0001-001 RUSH TRUCK CENTER,R1,30.0,28,2299,37,1.46,TN,$46.50,/ TN,$67.89,1.46,TN,$46.50,/ TN,$67.89
10386678,07/15/25,216062-0001-001 INTERLOAD,R1,30.0,28,2223,79,0.84,TN,$46.50,/ TN,$39.06,0.84,TN,$46.50,/ TN,$39.06
1038710,07/15/25,209517-0001-001 ROSS STORE # 2003,R2,30.0,28,2221,56,4.97,TN,$46.50,/ TN,$231.11,4.97,TN,$46.50,/ TN,$231.11
1038713,07/15/25,216037-0001-001 CARSON FREIGHT,R1,30.0,28,2225,42,2.85,TN,$46.50,/ TN,$132.53,2.85,TN,$46.50,/ TN,$132.53
1038732,07/15/25,209299-0001-002 BEST BUY # 241,R2,30.0,28,2225,42,1.75,TN,$46.50,/ TN,$81.38,1.75,TN,$46.50,/ TN,$81.38
1038759,07/16/25,213612-0001-001 TRANSPLACE MEXICO LLC,R1,30.0,28,3221,56,1.08,TN,$46.50,/ TN,$50.22,1.08,TN,$46.50,/ TN,$50.22
1038773,07/16/25,200632-0001-001 SOUTH TEXAS MOULDING,R1,15.0,28,3226,62,0.5,TN,$46.50,/ TN,$23.25,0.5,TN,$46.50,/ TN,$23.25
1038776,07/16/25,204326-0001-001 CALVARY CATHOLIC CEMETARY,R1,30.0,28,3224,57,4.08,TN,$46.50,/ TN,$189.72,4.08,TN,$46.50,/ TN,$189.72
1038799,07/16/25,200573-0001-002 SOUTHERN DISTRIBUTING,R1,10.0,28,3226,62,1.09,TN,$46.50,/ TN,$50.69,1.09,TN,$46.50,/ TN,$50.69
1038808,07/16/25,215840-0001-001 WHEELER METALS,R1,30.0,28,3223,79,3.56,TN,$46.50,/ TN,$165.54,3.56,TN,$46.50,/ TN,$165.54
1038813,07/16/25,209982-0001-001 A E P MS#2,R1,30.0,28,3299,37,2.62,TN,$46.50,/ TN,$121.83,2.62,TN,$46.50,/ TN,$121.83
1038816,07/16/25,210842-0001-001 ASCENT FOODS,R1,30.0,13,3221,56,3.9,TN,$216.50,/ TN,$844.35,3.9,TN,$216.50,/ TN,$844.35
1038839,07/16/25,206091-0001-001 PILOT TRAVEL CENTER-0377,R2,40.0,28,3221,56,3.25,TN,$46.50,/ TN,$151.13,3.25,TN,$46.50,/ TN,$151.13
1038879,07/16/25,215878-0001-001 MEXUS COLD STORAGE,R1,30.0,28,3224,57,0.93,TN,$46.50,/ TN,$43.25,0.93,TN,$46.50,/ TN,$43.25
1038899,07/16/25,213782-0001-001 XPO LOGISTICS/LTL/LLA (XPO000LLA),R1,30.0,28,3223,79,1.15,TN,$46.50,/ TN,$53.48,1.15,TN,$46.50,/ TN,$53.48
1038918,07/16/25,207449-0001-003 GONTOR FORWARDING CORP,R1,30.0,28,3299,37,1.38,TN,$46.50,/ TN,$64.17,1.38,TN,$46.50,/ TN,$64.17
1038926,07/16/25,209701-0001-001 LINCOLN FREIGHT,R1,30.0,28,3225,42,1.8,TN,$46.50,/ TN,$83.70,1.8,TN,$46.50,/ TN,$83.70
1038954,07/16/25,206091-0001-003 PILOT TRAVEL CENTER-0377,R1,30.0,28,3221,56,2.08,TN,$46.50,/ TN,$96.72,2.08,TN,$46.50,/ TN,$96.72
1038957,07/16/25,200573-0001-004 SOUTHERN DISTRIBUTING,R1,30.0,28,3299,37,2.07,TN,$46.50,/ TN,$96.26,2.07,TN,$46.50,/ TN,$96.26
1038988,07/16/25,212307-0002-001 MISSION PRODUCE,R1,40.0,28,3225,42,1.72,TN,$46.50,/ TN,$79.98,1.72,TN,$46.50,/ TN,$79.98
1038990,07/16/25,210687-0001-001 TARGET 2112,R1,30.0,28,3299,37,1.93,TN,$46.50,/ TN,$89.75,1.93,TN,$46.50,/ TN,$89.75
1039017,07/16/25,216037-0001-001 CARSON FREIGHT,R1,30.0,28,3225,42,1.63,TN,$46.50,/ TN,$75.80,1.63,TN,$46.50,/ TN,$75.80
1039021,07/16/25,209973-0001-001 H E B -COMPACTOR #4,R2,30.0,28,3224,57,9.2,TN,$46.50,/ TN,$427.80,9.2,TN,$46.50,/ TN,$427.80
1039031,07/16/25,214368-0001-001 WINFIELD COMMUNITIES,R1,30.0,28,3299,37,2.6,TN,$46.50,/ TN,$120.90,2.6,TN,$46.50,/ TN,$120.90
1039042,07/16/25,205033-0003-002 MALL DEL NORTE,R1,30.0,28,3226,62,1.25,TN,$46.50,/ TN,$58.13,1.25,TN,$46.50,/ TN,$58.13
1039044,07/16/25,208792-0001-001 TEXAS DISCOUNT FURNITURE,R1,30.0,28,3221,56,0.45,TN,$46.50,/ TN,$20.93,0.45,TN,$46.50,/ TN,$20.93
1039103,07/16/25,203654-0001-001 MC COYS BUILDING SUPPL,R1,30.0,28,3225,42,1.05,TN,$46.50,/ TN,$48.83,1.05,TN,$46.50,/ TN,$48.83
1039142,07/16/25,201208-0001-003 BETHANY HOUSE,R1,10.0,28,3226,62,1.06,TN,$46.50,/ TN,$49.29,1.06,TN,$46.50,/ TN,$49.29
1039166,07/16/25,215759-0001-001 DICEX,R1,30.0,28,3223,79,1.48,TN,$46.50,/ TN,$68.82,1.48,TN,$46.50,/ TN,$68.82
1039194,07/16/25,204326-0001-001 CALVARY CATHOLIC CEMETARY,R1,30.0,28,3225,42,4.81,TN,$46.50,/ TN,$223.67,4.81,TN,$46.50,/ TN,$223.67
1039234,07/16/25,204106-0001-001 BROKERS LOGISTICS,R1,30.0,28,3224,57,0.53,TN,$46.50,/ TN,$24.65,0.53,TN,$46.50,/ TN,$24.65
1039253,07/16/25,216062-0001-001 INTERLOAD,R1,30.0,28,3221,56,1.5,TN,$46.50,/ TN,$69.75,1.5,TN,$46.50,/ TN,$69.75
10392829,07/17/25,214441-0001-001 HOTEL AVA,R1,30.0,28,4224,57,1.23,TN,$46.50,/ TN,$57.20,1.23,TN,$46.50,/ TN,$57.20
1039297,07/16/25,213800-0001-002 RODOLFO SEPULVEDA,R1,30.0,28,3299,37,5.19,TN,$46.50,/ TN,$241.34,5.19,TN,$46.50,/ TN,$241.34
1039327,07/16/25,209972-0001-002 H E B,R2,30.0,28,3226,62,7.09,TN,$46.50,/ TN,$329.69,7.09,TN,$46.50,/ TN,$329.69
1039332,07/16/25,211048-0001-001 HINOJOSA CALZADO,R1,30.0,28,3224,57,2.48,TN,$46.50,/ TN,$115.32,2.48,TN,$46.50,/ TN,$115.32
1039347,07/16/25,213977-0001-001 PLW WATERWORKS LLC,R1,30.0,28,3221,56,3.4,TN,$46.50,/ TN,$158.10,3.4,TN,$46.50,/ TN,$158.10
1039356,07/16/25,211871-0001-001 AUTO TRUCK (ATC)-LAREDO 544,R1,30.0,28,3225,42,1.12,TN,$46.50,/ TN,$52.08,1.12,TN,$46.50,/ TN,$52.08
1039376,07/17/25,208512-0001-001 FORZA TRANSPORTATION,R1,30.0,28,4299,37,1.41,TN,$46.50,/ TN,$65.57,1.41,TN,$46.50,/ TN,$65.57
1039378,07/17/25,215759-0001-001 DICEX,R1,30.0,28,4223,79,1.27,TN,$46.50,/ TN,$59.06,1.27,TN,$46.50,/ TN,$59.06
1039381,07/17/25,210378-0001-002 SOUTH TEXAS FOOD BANK,R1,30.0,28,4224,57,2.39,TN,$46.50,/ TN,$111.14,2.39,TN,$46.50,/ TN,$111.14
1039428,07/17/25,200573-0001-004 SOUTHERN DISTRIBUTING,R1,30.0,28,4299,37,2.28,TN,$46.50,/ TN,$106.02,2.28,TN,$46.50,/ TN,$106.02
1039451,07/17/25,210259-0001-001 U S BORDER PATROL,R1,15.0,28,4226,62,0.07,TN,$46.50,/ TN,$3.26,0.07,TN,$46.50,/ TN,$3.26
1039481,07/17/25,214068-0001-002 CONTINUUM TRANPORTATION,R1,30.0,28,4223,79,1.78,TN,$46.50,/ TN,$82.77,1.78,TN,$46.50,/ TN,$82.77
1039503,07/17/25,208886-0001-001 FONTAINE MODIFICATION,R1,30.0,28,4224,57,1.66,TN,$46.50,/ TN,$77.19,1.66,TN,$46.50,/ TN,$77.19
1039522,07/17/25,208512-0001-001 FORZA TRANSPORTATION,R1,30.0,28,4225,42,0.53,TN,$46.50,/ TN,$24.65,0.53,TN,$46.50,/ TN,$24.65
1039553,07/17/25,210687-0001-001 TARGET 2112,R1,30.0,28,4299,37,2.45,TN,$46.50,/ TN,$113.93,2.45,TN,$46.50,/ TN,$113.93
1039557,07/17/25,210833-0001-001 FUEL AMERICA TRAVEL CTR,R1,30.0,28,4221,56,0.97,TN,$46.50,/ TN,$45.11,0.97,TN,$46.50,/ TN,$45.11
1039588,07/17/25,208590-0001-001 SOUTHWEST INDUSTRIAL RECYCLI,R1,30.0,28,4223,79,3.94,TN,$46.50,/ TN,$183.21,3.94,TN,$46.50,/ TN,$183.21
1039595,07/17/25,210833-0001-001 FUEL AMERICA TRAVEL CTR,R1,30.0,28,4299,37,1.49,TN,$46.50,/ TN,$69.29,1.49,TN,$46.50,/ TN,$69.29
1039602,07/17/25,214049-0001-001 TP COCINA LLC,R1,15.0,28,4226,62,0.56,TN,$46.50,/ TN,$26.04,0.56,TN,$46.50,/ TN,$26.04
1039656,07/17/25,"204545-0001-001 PROLAMSA, INC",R1,30.0,28,4224,57,3.42,TN,$46.50,/ TN,$159.03,3.42,TN,$46.50,/ TN,$159.03
1039666,07/17/25,"204545-0001-001 PROLAMSA, INC",R1,30.0,28,4225,42,2.09,TN,$46.50,/ TN,$97.19,2.09,TN,$46.50,/ TN,$97.19
1039703,07/17/25,205041-0001-001 HPJ,R1,30.0,28,4223,79,3.01,TN,$46.50,/ TN,$139.97,3.01,TN,$46.50,/ TN,$139.97
1039708,07/17/25,214368-0001-001 WINFIELD COMMUNITIES,R1,30.0,28,4299,37,3.43,TN,$46.50,/ TN,$159.50,3.43,TN,$46.50,/ TN,$159.50
1039711,07/17/25,213344-0001-001 AG DOORS INC,R1,30.0,28,4221,56,1.47,TN,$46.50,/ TN,$68.36,1.47,TN,$46.50,/ TN,$68.36
1039772,07/17/25,214049-0001-001 TP COCINA LLC,R1,15.0,28,4226,62,0.7,TN,$46.50,/ TN,$32.55,0.7,TN,$46.50,/ TN,$32.55
1039863,07/17/25,209970-0001-002 H E B # 586,R2,30.0,28,4221,56,0.12,TN,$46.50,/ TN,$5.58,0.12,TN,$46.50,/ TN,$5.58
1039872,07/17/25,207836-0001-001 I M M I,R1,30.0,28,4223,79,1.04,TN,$46.50,/ TN,$48.36,1.04,TN,$46.50,/ TN,$48.36
1039889,07/17/25,204747-0001-001 ASHLEY HOME STORE,R1,30.0,28,4225,42,1.04,TN,$46.50,/ TN,$48.36,1.04,TN,$46.50,/ TN,$48.36
1039908,07/17/25,214441-0001-001 HOTEL AVA,R1,30.0,28,4224,57,1.91,TN,$46.50,/ TN,$88.82,1.91,TN,$46.50,/ TN,$88.82
1039921,07/18/25,204806-0001-003 POWELL WATSON,R1,10.0,28,5226,62,0.64,TN,$46.50,/ TN,$29.76,0.64,TN,$46.50,/ TN,$29.76
1039925,07/17/25,210131-0001-001 TKR USA INC,R1,30.0,28,4221,56,0.7,TN,$46.50,/ TN,$32.55,0.7,TN,$46.50,/ TN,$32.55
1039958,07/17/25,200907-0001-001 WERNER ENTERPRISES,R1,30.0,28,4221,56,1.54,TN,$46.50,/ TN,$71.61,1.54,TN,$46.50,/ TN,$71.61
1039975,07/18/25,210260-0001-001 U S BORDER PATROL,R1,20.0,28,5226,62,0.97,TN,$46.50,/ TN,$45.11,0.97,TN,$46.50,/ TN,$45.11
1039986,07/18/25,205738-0001-001 FRENCH ELLISON TRUCK CTR,R1,30.0,28,5221,56,1.4,TN,$46.50,/ TN,$65.10,1.4,TN,$46.50,/ TN,$65.10
1039992,07/18/25,211312-0001-001 PROTRANS INTERNATIONAL,R1,30.0,28,5223,79,0.72,TN,$46.50,/ TN,$33.48,0.72,TN,$46.50,/ TN,$33.48
1040007,07/18/25,207669-0001-001 TRUCK MOVERS,R1,30.0,28,5221,56,3.35,TN,$46.50,/ TN,$155.78,3.35,TN,$46.50,/ TN,$155.78
1040031,07/18/25,208886-0001-001 FONTAINE MODIFICATION,R1,30.0,28,5224,57,1.97,TN,$46.50,/ TN,$91.61,1.97,TN,$46.50,/ TN,$91.61
1040061,07/18/25,210131-0001-001 TKR USA INC,R1,30.0,28,5223,79,0.77,TN,$46.50,/ TN,$35.81,0.77,TN,$46.50,/ TN,$35.81
10400738,07/19/25,205784-0001-001 EXEL GLOBAL LOGISTICS,R1,30.0,28,6224,57,0.34,TN,$46.50,/ TN,$15.81,0.34,TN,$46.50,/ TN,$15.81
1040098,07/18/25,214100-0001-001 WAL MART 554,R2,30.0,28,5221,56,3.54,TN,$46.50,/ TN,$164.61,3.54,TN,$46.50,/ TN,$164.61
1040127,07/18/25,213543-0002-001 K-FLEX USA LAREDO,R1,30.0,28,5299,37,0.97,TN,$46.50,/ TN,$45.11,0.97,TN,$46.50,/ TN,$45.11
1040137,07/18/25,201911-0001-001 EXCELLENCE LOGISTIC,R1,30.0,28,5223,79,1.42,TN,$46.50,/ TN,$66.03,1.42,TN,$46.50,/ TN,$66.03
1040154,07/18/25,205224-0001-002 LA POSADA HOTEL,R2,30.0,28,5224,57,0.77,TN,$46.50,/ TN,$35.81,0.77,TN,$46.50,/ TN,$35.81
1040232,07/18/25,205033-0003-002 MALL DEL NORTE,R1,30.0,28,5225,42,2.44,TN,$46.50,/ TN,$113.46,2.44,TN,$46.50,/ TN,$113.46
1040234,07/18/25,210842-0001-001 ASCENT FOODS,R1,30.0,13,5221,56,4.94,TN,$216.50,/ TN,"$1,069.51",4.94,TN,$216.50,/ TN,"$1,069.51"
1040243,07/18/25,205738-0001-001 FRENCH ELLISON TRUCK CTR,R1,30.0,28,5299,37,0.95,TN,$46.50,/ TN,$44.18,0.95,TN,$46.50,/ TN,$44.18
1040263,07/18/25,216027-0001-001 COLEBRACK ENTERPRISES INC,R1,30.0,28,5226,62,5.53,TN,$46.50,/ TN,$257.15,5.53,TN,$46.50,/ TN,$257.15
1040302,07/18/25,213636-0001-002 CARTER EXPRESS INC,R1,30.0,28,5299,37,1.1,TN,$46.50,/ TN,$51.15,1.1,TN,$46.50,/ TN,$51.15
1040326,07/18/25,211450-0001-001 DOCTORS HOSPITAL-COMP,R2,30.0,28,5224,57,3.92,TN,$46.50,/ TN,$182.28,3.92,TN,$46.50,/ TN,$182.28
1040341,07/18/25,210687-0001-001 TARGET 2112,R1,30.0,28,5299,37,1.47,TN,$46.50,/ TN,$68.36,1.47,TN,$46.50,/ TN,$68.36
1040363,07/18/25,215524-0001-002 EXCLUSIVE INC.,R1,10.0,28,5226,62,0.89,TN,$46.50,/ TN,$41.39,0.89,TN,$46.50,/ TN,$41.39
1040372,07/18/25,213474-0008-001 THE OUTLETS SHOPPES AT LAREDO,R1,30.0,24,5225,42,4.06,TN,$0.00,/ TN,$0.00,4.06,TN,$0.00,/ TN,$0.00
1040452,07/18/25,200810-0001-001 EXPEDITORS INT'L OF WASHING,R1,30.0,28,5221,56,0.48,TN,$46.50,/ TN,$22.32,0.48,TN,$46.50,/ TN,$22.32
1040472,07/18/25,200573-0001-002 SOUTHERN DISTRIBUTING,R1,10.0,28,5226,62,0.66,TN,$46.50,/ TN,$30.69,0.66,TN,$46.50,/ TN,$30.69
1040479,07/18/25,201863-0001-001 S M T,R1,30.0,28,5224,57,1.36,TN,$46.50,/ TN,$63.24,1.36,TN,$46.50,/ TN,$63.24
1040533,07/18/25,213800-0001-002 RODOLFO SEPULVEDA,R1,30.0,28,5299,37,4.66,TN,$46.50,/ TN,$216.69,4.66,TN,$46.50,/ TN,$216.69
1040563,07/18/25,214096-0001-001 WALMART-3518,R2,30.0,28,5225,42,8.2,TN,$46.50,/ TN,$381.30,8.2,TN,$46.50,/ TN,$381.30
1040574,07/18/25,214336-0001-001 SUN LINE COMMERCIAL CARRIERS,R1,30.0,28,5221,56,13.34,TN,$46.50,/ TN,$620.31,13.34,TN,$46.50,/ TN,$620.31
1040595,07/19/25,208353-0001-002 ROAD RANGER #272,R2,30.0,28,6221,56,10.9,TN,$46.50,/ TN,$506.85,10.9,TN,$46.50,/ TN,$506.85
1040606,07/19/25,211365-0001-002 MRS BAIRD'S BAKERY,R1,30.0,28,6224,57,0.59,TN,$46.50,/ TN,$27.44,0.59,TN,$46.50,/ TN,$27.44
1040629,07/19/25,206938-0001-001 S R FWDG-30YD,R1,30.0,28,6223,79,0.45,TN,$46.50,/ TN,$20.93,0.45,TN,$46.50,/ TN,$20.93
1040673,07/19/25,214049-0001-001 TP COCINA LLC,R1,15.0,28,6226,62,0.5,TN,$46.50,/ TN,$23.25,0.5,TN,$46.50,/ TN,$23.25
1040765,07/16/25,213800-0001-002 RODOLFO SEPULVEDA,R1,30.0,28,3299,37,4.35,TN,$46.50,/ TN,$202.28,4.35,TN,$46.50,/ TN,$202.28
1040791,07/19/25,204273-0001-001 S R FWDG-30YD,R1,30.0,28,6223,79,1.52,TN,$46.50,/ TN,$70.68,1.52,TN,$46.50,/ TN,$70.68
1040793,07/19/25,"213335-0001-001 NCS/EML JOINT VENTURE III, LLC",R1,30.0,28,6226,62,0.93,TN,$46.50,/ TN,$43.25,0.93,TN,$46.50,/ TN,$43.25
1040849,07/19/25,210431-0001-001 F & A EXPRESS LLC,R1,30.0,28,6221,56,5.83,TN,$46.50,/ TN,$271.10,5.83,TN,$46.50,/ TN,$271.10
1040864,07/19/25,214368-0001-001 WINFIELD COMMUNITIES,R1,30.0,28,6299,37,2.98,TN,$46.50,/ TN,$138.57,2.98,TN,$46.50,/ TN,$138.57
1040944,07/19/25,206290-0001-002 UNION PACIFIC# VA999,R1,15.0,28,6225,42,1.94,TN,$46.50,/ TN,$90.21,1.94,TN,$46.50,/ TN,$90.21
1040948,07/19/25,210340-0001-001 OSHKOSH CORP,R1,30.0,28,6224,57,0.32,TN,$46.50,/ TN,$14.88,0.32,TN,$46.50,/ TN,$14.88
1041002,07/19/25,206073-0001-001 TARGET STORE COMP-TGT000801,R2,30.0,28,6226,62,6.79,TN,$46.50,/ TN,$315.74,6.79,TN,$46.50,/ TN,$315.74
1041017,07/19/25,214368-0001-001 WINFIELD COMMUNITIES,R1,30.0,28,6299,37,1.8,TN,$46.50,/ TN,$83.70,1.8,TN,$46.50,/ TN,$83.70
1041022,07/19/25,200770-0001-002 FEDERAL EXPRESS,R1,30.0,28,6225,42,0.97,TN,$46.50,/ TN,$45.11,0.97,TN,$46.50,/ TN,$45.11
1041024,07/19/25,208551-0001-001 TRANE SUPPLY,R1,30.0,28,6221,56,0.3,TN,$46.50,/ TN,$13.95,0.3,TN,$46.50,/ TN,$13.95
1041107,07/19/25,214368-0001-001 WINFIELD COMMUNITIES,R1,30.0,28,6299,37,0.94,TN,$46.50,/ TN,$43.71,0.94,TN,$46.50,/ TN,$43.71
1041118,07/19/25,209971-0001-001 H E B MERCADO,R2,30.0,28,6225,42,5.44,TN,$46.50,/ TN,$252.96,5.44,TN,$46.50,/ TN,$252.96
1041121,07/19/25,203347-0001-001 T S I,R1,30.0,28,6221,56,0.98,TN,$46.50,/ TN,$45.57,0.98,TN,$46.50,/ TN,$45.57
1041152,07/19/25,209971-0002-001 H E B MERCADO,R1,30.0,28,6226,62,9.49,TN,$46.50,/ TN,$441.29,9.49,TN,$46.50,/ TN,$441.29
1041213,07/19/25,214368-0001-001 WINFIELD COMMUNITIES,R1,30.0,28,6299,37,0.97,TN,$46.50,/ TN,$45.11,0.97,TN,$46.50,/ TN,$45.11
1041232,07/19/25,214368-0001-001 WINFIELD COMMUNITIES,R1,30.0,28,6221,56,2.3,TN,$46.50,/ TN,$106.95,2.3,TN,$46.50,/ TN,$106.95
1041255,07/21/25,210918-0001-001 TRAVEL AMERICA,R2,30.0,28,1221,56,1.29,TN,$46.50,/ TN,$59.99,1.29,TN,$46.50,/ TN,$59.99
1041278,07/21/25,200573-0001-004 SOUTHERN DISTRIBUTING,R1,30.0,28,1224,57,1.2,TN,$46.50,/ TN,$55.80,1.2,TN,$46.50,/ TN,$55.80
1041287,07/31/25,208851-0001-001 TERRACON,R1,10.0,28,4299,37,0.86,TN,$46.50,/ TN,$39.99,0.86,TN,$46.50,/ TN,$39.99
1041304,07/21/25,213782-0001-001 XPO LOGISTICS/LTL/LLA (XPO000LLA),R1,30.0,28,1223,79,0.79,TN,$46.50,/ TN,$36.74,0.79,TN,$46.50,/ TN,$36.74
1041319,07/21/25,212307-0002-002 MISSION PRODUCE,R1,30.0,13,1225,42,6.59,TN,$216.50,/ TN,"$1,426.74",6.59,TN,$216.50,/ TN,"$1,426.74"
1041377,07/21/25,207516-0001-001 JAMCO INTERNATIONAL,R1,30.0,28,1223,79,0.68,TN,$46.50,/ TN,$31.62,0.68,TN,$46.50,/ TN,$31.62
1041399,07/21/25,214098-0001-001 WAL MART - 3623,R2,30.0,28,1225,42,7.56,TN,$46.50,/ TN,$351.54,7.56,TN,$46.50,/ TN,$351.54
1041402,07/21/25,215833-0001-001 WASTE HARMONICS PILOT 137000,R2,30.0,28,1224,57,4.81,TN,$46.50,/ TN,$223.67,4.81,TN,$46.50,/ TN,$223.67
1041414,07/21/25,202091-0001-001 AMERICA DISPATCH,R1,30.0,28,1221,56,1.34,TN,$46.50,/ TN,$62.31,1.34,TN,$46.50,/ TN,$62.31
1041484,07/21/25,213543-0001-001 K-FLEX USA LAREDO,R1,30.0,28,1221,56,0.45,TN,$46.50,/ TN,$20.93,0.45,TN,$46.50,/ TN,$20.93
1041538,07/21/25,215828-0001-001 BRICKER TRANSPORT,R1,30.0,28,1223,79,4.11,TN,$46.50,/ TN,$191.12,4.11,TN,$46.50,/ TN,$191.12
1041643,07/21/25,214099-0001-001 WAL MART 8156 (SAM'S),R2,30.0,28,1224,57,14.06,TN,$46.50,/ TN,$653.79,14.06,TN,$46.50,/ TN,$653.79
1041688,07/21/25,216001-0001-001 GFL ENVIRONMENTAL,R1,30.0,28,1223,79,0.97,TN,$46.50,/ TN,$45.11,0.97,TN,$46.50,/ TN,$45.11
1041718,07/21/25,211242-0001-001 BOLANOS & COMPANY,R1,30.0,28,1223,79,0.49,TN,$46.50,/ TN,$22.79,0.49,TN,$46.50,/ TN,$22.79
1041733,07/21/25,209973-0001-001 H E B -COMPACTOR #4,R2,30.0,28,1221,56,4.17,TN,$46.50,/ TN,$193.91,4.17,TN,$46.50,/ TN,$193.91
1041761,07/21/25,215958-0001-001 LEWIS WOODUL,R1,15.0,28,1225,42,0.98,TN,$46.50,/ TN,$45.57,0.98,TN,$46.50,/ TN,$45.57
1041778,07/21/25,208512-0001-001 FORZA TRANSPORTATION,R1,30.0,28,1221,56,1.1,TN,$46.50,/ TN,$51.15,1.1,TN,$46.50,/ TN,$51.15
1041806,07/21/25,208953-0001-002 TEXAS FIRST RENTALS LLC,R1,30.0,28,1224,57,2.68,TN,$46.50,/ TN,$124.62,2.68,TN,$46.50,/ TN,$124.62
1041807,07/21/25,214049-0001-001 TP COCINA LLC,R1,15.0,28,1226,62,0.68,TN,$46.50,/ TN,$31.62,0.68,TN,$46.50,/ TN,$31.62
1041836,07/21/25,208512-0001-001 FORZA TRANSPORTATION,R1,30.0,28,1224,57,1.05,TN,$46.50,/ TN,$48.83,1.05,TN,$46.50,/ TN,$48.83
1041852,07/21/25,210131-0001-001 TKR USA INC,R1,30.0,28,1223,79,0.59,TN,$46.50,/ TN,$27.44,0.59,TN,$46.50,/ TN,$27.44
1041866,07/21/25,213405-0001-001 EXPEDITOR'S INT'L OF WASHINGTON,R1,30.0,28,1221,56,1.77,TN,$46.50,/ TN,$82.31,1.77,TN,$46.50,/ TN,$82.31
1041867,07/21/25,210584-0001-002 LOWE'S,R2,30.0,28,1225,42,5.41,TN,$46.50,/ TN,$251.57,5.41,TN,$46.50,/ TN,$251.57
1041890,07/22/25,210378-0001-002 SOUTH TEXAS FOOD BANK,R1,30.0,28,2224,57,1.3,TN,$46.50,/ TN,$60.45,1.3,TN,$46.50,/ TN,$60.45
1041907,07/22/25,210839-0001-002 NATURE FRESH FARMS LAREDO,R1,15.0,13,2226,62,5.83,TN,$216.50,/ TN,"$1,262.20",5.83,TN,$216.50,/ TN,"$1,262.20"
1041914,07/22/25,209851-0010-001 LDR SITES,R1,30.0,28,2221,56,2.54,TN,$46.50,/ TN,$118.11,2.54,TN,$46.50,/ TN,$118.11
1041923,07/22/25,210279-0001-001 EBT LOGISTICS INC.,R1,30.0,28,2223,79,2.08,TN,$46.50,/ TN,$96.72,2.08,TN,$46.50,/ TN,$96.72
1041929,07/22/25,209972-0001-002 H E B,R2,30.0,28,2221,56,6.38,TN,$46.50,/ TN,$296.67,6.38,TN,$46.50,/ TN,$296.67
1041931,07/22/25,216025-0001-001 ALLURA,R1,30.0,28,2225,42,13.49,TN,$46.50,/ TN,$627.29,13.49,TN,$46.50,/ TN,$627.29
1041952,07/22/25,210815-0001-001 FEDEX FREIGHT,R1,30.0,28,2299,37,2.18,TN,$46.50,/ TN,$101.37,2.18,TN,$46.50,/ TN,$101.37
1041957,07/22/25,210687-0001-001 TARGET 2112,R1,30.0,28,2299,37,2.85,TN,$46.50,/ TN,$132.53,2.85,TN,$46.50,/ TN,$132.53
1041979,07/22/25,209974-0001-001 H E B   # 0449,R2,30.0,28,2224,57,8.14,TN,$46.50,/ TN,$378.51,8.14,TN,$46.50,/ TN,$378.51
1042030,07/22/25,216003-0001-001 HEPECA LOGISTICS INC,R1,30.0,28,2223,79,1.37,TN,$46.50,/ TN,$63.71,1.37,TN,$46.50,/ TN,$63.71
1042062,07/22/25,216027-0001-001 COLEBRACK ENTERPRISES INC,R1,30.0,28,2221,56,1.36,TN,$46.50,/ TN,$63.24,1.36,TN,$46.50,/ TN,$63.24
1042095,07/22/25,212307-0002-001 MISSION PRODUCE,R1,40.0,28,2225,42,1.94,TN,$46.50,/ TN,$90.21,1.94,TN,$46.50,/ TN,$90.21
1042103,07/22/25,213543-0002-001 K-FLEX USA LAREDO,R1,30.0,28,2299,37,0.73,TN,$46.50,/ TN,$33.95,0.73,TN,$46.50,/ TN,$33.95
1042120,07/22/25,211450-0001-001 DOCTORS HOSPITAL-COMP,R2,30.0,28,2224,57,4.33,TN,$46.50,/ TN,$201.35,4.33,TN,$46.50,/ TN,$201.35
1042137,07/22/25,200746-0001-001 YUSEN LOGISTICS,R1,30.0,28,2223,79,1.93,TN,$46.50,/ TN,$89.75,1.93,TN,$46.50,/ TN,$89.75
1042138,07/22/25,216029-0001-001 TEXAS INTERNATIONAL ENTERPRISE,R1,30.0,28,2299,37,1.23,TN,$46.50,/ TN,$57.20,1.23,TN,$46.50,/ TN,$57.20
1042159,07/22/25,203122-0001-001 ZARSKY LUMBER,R1,30.0,28,2221,56,0.86,TN,$46.50,/ TN,$39.99,0.86,TN,$46.50,/ TN,$39.99
1042166,07/22/25,211365-0001-002 MRS BAIRD'S BAKERY,R1,30.0,28,2299,37,0.86,TN,$46.50,/ TN,$39.99,0.86,TN,$46.50,/ TN,$39.99
1042202,07/22/25,216027-0001-001 COLEBRACK ENTERPRISES INC,R1,30.0,28,2226,62,4.34,TN,$46.50,/ TN,$201.81,4.34,TN,$46.50,/ TN,$201.81
1042204,07/22/25,205033-0003-002 MALL DEL NORTE,R1,30.0,28,2299,37,0.3,TN,$46.50,/ TN,$13.95,0.3,TN,$46.50,/ TN,$13.95
1042238,07/22/25,214224-0001-001 REMCO GROUP INC,R1,30.0,28,2223,79,1.4,TN,$46.50,/ TN,$65.10,1.4,TN,$46.50,/ TN,$65.10
1042265,07/22/25,210918-0001-001 TRAVEL AMERICA,R2,30.0,28,2225,42,2.96,TN,$46.50,/ TN,$137.64,2.96,TN,$46.50,/ TN,$137.64
1042312,07/22/25,216026-0001-001 ISMAEL ZAMORA,R1,30.0,28,2221,56,8.7,TN,$46.50,/ TN,$404.55,8.7,TN,$46.50,/ TN,$404.55
1042330,07/22/25,215949-0001-001 RUSH TRUCK CENTER NW LAREDO,R1,30.0,28,2224,57,0.59,TN,$46.50,/ TN,$27.44,0.59,TN,$46.50,/ TN,$27.44
1042341,07/22/25,216005-0001-001 HYSTIK,R1,10.0,28,2226,62,3.63,TN,$46.50,/ TN,$168.80,3.63,TN,$46.50,/ TN,$168.80
1042385,07/22/25,211946-0002-001 HABITAT FOR HUMANITY,R1,30.0,28,2299,37,1.63,TN,$46.50,/ TN,$75.80,1.63,TN,$46.50,/ TN,$75.80
1042402,07/22/25,210842-0001-001 ASCENT FOODS,R1,30.0,13,2221,56,5.23,TN,$216.50,/ TN,"$1,132.30",5.23,TN,$216.50,/ TN,"$1,132.30"
1042425,07/22/25,209870-0001-001 DR IKES,R1,30.0,28,2299,37,2.07,TN,$46.50,/ TN,$96.26,2.07,TN,$46.50,/ TN,$96.26
1042435,07/22/25,205784-0001-001 EXEL GLOBAL LOGISTICS,R1,30.0,28,2224,57,0.03,TN,$46.50,/ TN,$1.40,0.03,TN,$46.50,/ TN,$1.40
1042436,07/22/25,216025-0001-001 ALLURA,R1,30.0,28,2221,56,13.28,TN,$46.50,/ TN,$617.52,13.28,TN,$46.50,/ TN,$617.52
1042446,07/22/25,210345-0001-001 LONE STAR MTLS,R1,30.0,28,2226,62,4.12,TN,$46.50,/ TN,$191.58,4.12,TN,$46.50,/ TN,$191.58
1042461,07/23/25,216017-0001-001 GPA LOGISTICS,R1,30.0,28,3223,79,2.14,TN,$46.50,/ TN,$99.51,2.14,TN,$46.50,/ TN,$99.51
1042463,07/23/25,213612-0001-001 TRANSPLACE MEXICO LLC,R1,30.0,28,3221,56,0.36,TN,$46.50,/ TN,$16.74,0.36,TN,$46.50,/ TN,$16.74
1042471,07/23/25,214049-0001-001 TP COCINA LLC,R1,15.0,28,3226,62,0.51,TN,$46.50,/ TN,$23.72,0.51,TN,$46.50,/ TN,$23.72
1042485,07/23/25,212205-0001-001 UETA INC-OPEN TOP,R1,30.0,28,3225,42,0.78,TN,$46.50,/ TN,$36.27,0.78,TN,$46.50,/ TN,$36.27
1042489,07/23/25,204203-0001-001 FLYING J #730,R2,30.0,28,3221,56,3.85,TN,$46.50,/ TN,$179.03,3.85,TN,$46.50,/ TN,$179.03
1042509,07/23/25,208886-0001-001 FONTAINE MODIFICATION,R1,30.0,28,3224,57,1.63,TN,$46.50,/ TN,$75.80,1.63,TN,$46.50,/ TN,$75.80
1042538,07/23/25,207888-0001-001 ARCHROCK,R1,30.0,28,3299,37,1.84,TN,$46.50,/ TN,$85.56,1.84,TN,$46.50,/ TN,$85.56
1042572,07/23/25,215840-0001-001 WHEELER METALS,R1,30.0,28,3223,79,3.07,TN,$46.50,/ TN,$142.76,3.07,TN,$46.50,/ TN,$142.76
1042575,07/23/25,211871-0001-001 AUTO TRUCK (ATC)-LAREDO 544,R1,30.0,28,3221,56,0.22,TN,$46.50,/ TN,$10.23,0.22,TN,$46.50,/ TN,$10.23
1042595,07/23/25,211848-0001-004 MARY HELP OF CHRIST SCHOOL,R1,30.0,28,3224,57,2.72,TN,$46.50,/ TN,$126.48,2.72,TN,$46.50,/ TN,$126.48
1042596,07/23/25,207890-0001-001 RIO BRAVO SEWER PLANT,R1,30.0,28,3225,42,4.36,TN,$46.50,/ TN,$202.74,4.36,TN,$46.50,/ TN,$202.74
1042637,07/23/25,207890-0001-001 RIO BRAVO SEWER PLANT,R1,30.0,14,3226,62,11.27,TN,$46.50,/ TN,$524.06,11.27,TN,$46.50,/ TN,$524.06
1042641,07/23/25,215986-0001-001 TRAMITACIONES GROUP,R1,30.0,28,3299,37,3.36,TN,$46.50,/ TN,$156.24,3.36,TN,$46.50,/ TN,$156.24
1042672,07/23/25,213784-0001-002 ABD LOGISTICS LLC,R1,30.0,28,3223,79,2.14,TN,$46.50,/ TN,$99.51,2.14,TN,$46.50,/ TN,$99.51
1042697,07/23/25,211848-0001-004 MARY HELP OF CHRIST SCHOOL,R1,30.0,28,3224,57,1.85,TN,$46.50,/ TN,$86.03,1.85,TN,$46.50,/ TN,$86.03
1042728,07/23/25,215903-0001-001 JK LIQUIDATION INC,R1,30.0,28,3224,57,1.89,TN,$46.50,/ TN,$87.89,1.89,TN,$46.50,/ TN,$87.89
1042761,07/23/25,210394-0002-002 INSCO EQUIPMENT SUPPLIES,R1,30.0,28,3299,37,0.69,TN,$46.50,/ TN,$32.09,0.69,TN,$46.50,/ TN,$32.09
1042773,07/23/25,201871-0001-001 LASER FORWARDING,R1,30.0,28,3225,42,1.49,TN,$46.50,/ TN,$69.29,1.49,TN,$46.50,/ TN,$69.29
1042793,07/23/25,210687-0001-001 TARGET 2112,R1,30.0,28,3299,37,1.91,TN,$46.50,/ TN,$88.82,1.91,TN,$46.50,/ TN,$88.82
1042839,07/23/25,201906-0001-001 S R FWDG-30YD,R1,30.0,28,3223,79,2.03,TN,$46.50,/ TN,$94.40,2.03,TN,$46.50,/ TN,$94.40
1042856,07/23/25,205033-0003-002 MALL DEL NORTE,R1,30.0,28,3226,62,0.8,TN,$46.50,/ TN,$37.20,0.8,TN,$46.50,/ TN,$37.20
1042867,07/23/25,215878-0001-001 MEXUS COLD STORAGE,R1,30.0,28,3221,56,0.89,TN,$46.50,/ TN,$41.39,0.89,TN,$46.50,/ TN,$41.39
1042910,07/23/25,211219-0001-001 TRI-NATIONAL INC,R1,30.0,28,3224,57,1.92,TN,$46.50,/ TN,$89.28,1.92,TN,$46.50,/ TN,$89.28
1042931,07/24/25,215996-0001-001 DCOMM INC,R1,40.0,28,4221,56,2.4,TN,$46.50,/ TN,$111.60,2.4,TN,$46.50,/ TN,$111.60
1042936,07/23/25,213543-0001-001 K-FLEX USA LAREDO,R1,30.0,28,3225,42,0.72,TN,$46.50,/ TN,$33.48,0.72,TN,$46.50,/ TN,$33.48
1042953,07/23/25,205940-0001-003 IMEX FORWARDING,R1,30.0,28,3223,79,1.14,TN,$46.50,/ TN,$53.01,1.14,TN,$46.50,/ TN,$53.01
1042975,07/23/25,208170-0001-001 HILCORP ENERGY COMPANY,R1,20.0,28,3299,37,0.97,TN,$46.50,/ TN,$45.11,0.97,TN,$46.50,/ TN,$45.11
1042994,07/23/25,210394-0002-001 INSCO EQUIPMENT SUPPLIES,R1,20.0,28,3226,62,0.92,TN,$46.50,/ TN,$42.78,0.92,TN,$46.50,/ TN,$42.78
1043005,07/23/25,204106-0001-001 BROKERS LOGISTICS,R1,30.0,28,3224,57,0.83,TN,$46.50,/ TN,$38.60,0.83,TN,$46.50,/ TN,$38.60
1043009,07/23/25,215805-0002-001 PRECISION WASTE,R1,30.0,28,3221,56,1.66,TN,$46.50,/ TN,$77.19,1.66,TN,$46.50,/ TN,$77.19
1043030,07/24/25,210131-0001-001 TKR USA INC,R1,30.0,28,4223,79,0.54,TN,$46.50,/ TN,$25.11,0.54,TN,$46.50,/ TN,$25.11
1043047,07/24/25,210378-0001-002 SOUTH TEXAS FOOD BANK,R1,30.0,28,4224,57,1.59,TN,$46.50,/ TN,$73.94,1.59,TN,$46.50,/ TN,$73.94
1043068,07/24/25,215708-0001-001 ALCE CONSTRUCTION,R1,30.0,28,4225,42,2.94,TN,$46.50,/ TN,$136.71,2.94,TN,$46.50,/ TN,$136.71
1043100,07/24/25,215804-0001-001 ST JOHN NEWMAN,R1,30.0,28,4221,56,1.27,TN,$46.50,/ TN,$59.06,1.27,TN,$46.50,/ TN,$59.06
1043153,07/24/25,203268-0001-001 MIDWEST STERALIZATION CORP.,R1,30.0,28,4223,79,1.77,TN,$46.50,/ TN,$82.31,1.77,TN,$46.50,/ TN,$82.31
1043171,07/24/25,210833-0001-001 FUEL AMERICA TRAVEL CTR,R1,30.0,28,4224,57,2.02,TN,$46.50,/ TN,$93.93,2.02,TN,$46.50,/ TN,$93.93
1043187,07/24/25,212307-0002-002 MISSION PRODUCE,R1,30.0,13,4225,42,7.38,TN,$216.50,/ TN,"$1,597.77",7.38,TN,$216.50,/ TN,"$1,597.77"
1043195,07/24/25,212256-0001-002 US COLD STORAGE,R2,30.0,28,4221,56,6.2,TN,$46.50,/ TN,$288.30,6.2,TN,$46.50,/ TN,$288.30
1043219,07/24/25,210842-0001-001 ASCENT FOODS,R1,30.0,13,4221,56,2.99,TN,$216.50,/ TN,$647.34,2.99,TN,$216.50,/ TN,$647.34
1043228,07/24/25,215998-0001-001  ROYAL EXPRESS,R1,30.0,28,4223,79,1.56,TN,$46.50,/ TN,$72.54,1.56,TN,$46.50,/ TN,$72.54
1043238,07/24/25,208512-0001-001 FORZA TRANSPORTATION,R1,30.0,28,4221,56,1.49,TN,$46.50,/ TN,$69.29,1.49,TN,$46.50,/ TN,$69.29
1043285,07/24/25,214441-0001-001 HOTEL AVA,R1,30.0,28,4226,62,1.61,TN,$46.50,/ TN,$74.87,1.61,TN,$46.50,/ TN,$74.87
1043307,07/24/25,211848-0001-004 MARY HELP OF CHRIST SCHOOL,R1,30.0,28,4224,57,7.85,TN,$46.50,/ TN,$365.03,7.85,TN,$46.50,/ TN,$365.03
1043348,07/24/25,216008-0001-001 LINAMAR SKYJACK LAREDO,R1,30.0,28,4223,79,1.29,TN,$46.50,/ TN,$59.99,1.29,TN,$46.50,/ TN,$59.99
1043387,07/24/25,214271-0001-001 A E P - TEXAS,R1,30.0,28,4221,56,5.03,TN,$46.50,/ TN,$233.90,5.03,TN,$46.50,/ TN,$233.90
1043401,07/24/25,215659-0002-001 GABRIEL VIELMA,R1,30.0,28,4226,62,7.23,TN,$46.50,/ TN,$336.20,7.23,TN,$46.50,/ TN,$336.20
1043428,07/24/25,214271-0001-001 A E P - TEXAS,R1,30.0,28,4224,57,5.89,TN,$46.50,/ TN,$273.89,5.89,TN,$46.50,/ TN,$273.89
1043442,07/24/25,214271-0001-001 A E P - TEXAS,R1,30.0,28,4221,56,7.85,TN,$46.50,/ TN,$365.03,7.85,TN,$46.50,/ TN,$365.03
1043452,07/24/25,203690-0001-001 PROLAMSA,R1,30.0,28,4223,79,3.27,TN,$46.50,/ TN,$152.06,3.27,TN,$46.50,/ TN,$152.06
1043473,07/24/25,200573-0001-004 SOUTHERN DISTRIBUTING,R1,30.0,28,4226,62,1.73,TN,$46.50,/ TN,$80.45,1.73,TN,$46.50,/ TN,$80.45
1043474,07/24/25,200573-0001-002 SOUTHERN DISTRIBUTING,R1,10.0,28,4226,62,1.73,TN,$46.50,/ TN,$80.45,1.73,TN,$46.50,/ TN,$80.45
1043506,07/24/25,210460-0001-001 LOVE'S TRAVEL STOPS L0298,R2,30.0,28,4225,42,5.94,TN,$46.50,/ TN,$276.21,5.94,TN,$46.50,/ TN,$276.21
1043514,07/24/25,213935-0001-001  G & H LOGISTICS,R1,30.0,28,4224,57,2.15,TN,$46.50,/ TN,$99.98,2.15,TN,$46.50,/ TN,$99.98
1043539,07/24/25,210815-0001-002 FEDEX FREIGHT,R1,15.0,28,4226,62,0.82,TN,$46.50,/ TN,$38.13,0.82,TN,$46.50,/ TN,$38.13
1043544,07/24/25,216023-0001-001 GENERAL DYNAMICS,R1,30.0,28,4223,79,0.62,TN,$46.50,/ TN,$28.83,0.62,TN,$46.50,/ TN,$28.83
1043546,07/25/25,213405-0001-001 EXPEDITOR'S INT'L OF WASHINGTON,R1,30.0,28,5221,56,1.3,TN,$46.50,/ TN,$60.45,1.3,TN,$46.50,/ TN,$60.45
1043547,07/25/25,210687-0001-001 TARGET 2112,R1,30.0,28,5224,57,2.76,TN,$46.50,/ TN,$128.34,2.76,TN,$46.50,/ TN,$128.34
1043554,07/25/25,214339-0001-001 LOVE'S TRAVEL STOPS 862,R2,30.0,28,5226,62,5.85,TN,$46.50,/ TN,$272.03,5.85,TN,$46.50,/ TN,$272.03
1043563,07/25/25,208474-0001-003 REGIO BLOCK,R1,30.0,28,5299,37,6.36,TN,$46.50,/ TN,$295.74,6.36,TN,$46.50,/ TN,$295.74
1043570,07/25/25,209968-0001-001 H E B # 207 COMPACTOR,R2,30.0,28,5221,56,1.53,TN,$46.50,/ TN,$71.15,1.53,TN,$46.50,/ TN,$71.15
1043583,07/25/25,213782-0001-001 XPO LOGISTICS/LTL/LLA (XPO000LLA),R1,30.0,28,5223,79,1.62,TN,$46.50,/ TN,$75.33,1.62,TN,$46.50,/ TN,$75.33
1043587,07/25/25,214441-0001-001 HOTEL AVA,R1,30.0,28,5299,37,1.84,TN,$46.50,/ TN,$85.56,1.84,TN,$46.50,/ TN,$85.56
1043588,07/25/25,204971-0001-001 SWIFT TRANSPORTATION,R1,30.0,28,5221,56,1.94,TN,$46.50,/ TN,$90.21,1.94,TN,$46.50,/ TN,$90.21
1043605,07/25/25,216065-0001-001 Rodolfo Salinas,R1,30.0,28,5299,37,5.05,TN,$46.50,/ TN,$234.83,5.05,TN,$46.50,/ TN,$234.83
1043666,07/25/25,201871-0001-001 LASER FORWARDING,R1,30.0,28,5221,56,0.37,TN,$46.50,/ TN,$17.21,0.37,TN,$46.50,/ TN,$17.21
1043670,07/25/25,214242-0001-001 HERITAGE LANDSCAPE,R1,30.0,28,5299,37,1.5,TN,$46.50,/ TN,$69.75,1.5,TN,$46.50,/ TN,$69.75
1043671,07/25/25,208886-0001-001 FONTAINE MODIFICATION,R1,30.0,28,5224,57,0.81,TN,$46.50,/ TN,$37.67,0.81,TN,$46.50,/ TN,$37.67
1043688,07/25/25,200216-0001-001 INTERAMERICA/HINOJOSA,R1,30.0,28,5223,79,2.1,TN,$46.50,/ TN,$97.65,2.1,TN,$46.50,/ TN,$97.65
1043714,07/25/25,210833-0001-001 FUEL AMERICA TRAVEL CTR,R1,30.0,28,5225,42,2.27,TN,$46.50,/ TN,$105.56,2.27,TN,$46.50,/ TN,$105.56
1043743,07/25/25,213543-0002-001 K-FLEX USA LAREDO,R1,30.0,28,5221,56,0.62,TN,$46.50,/ TN,$28.83,0.62,TN,$46.50,/ TN,$28.83
1043768,07/25/25,211450-0001-001 DOCTORS HOSPITAL-COMP,R2,30.0,28,5224,57,4.3,TN,$46.50,/ TN,$199.95,4.3,TN,$46.50,/ TN,$199.95
1043785,07/25/25,203268-0001-001 MIDWEST STERALIZATION CORP.,R1,30.0,28,5299,37,2.14,TN,$46.50,/ TN,$99.51,2.14,TN,$46.50,/ TN,$99.51
1043809,07/25/25,202091-0001-001 AMERICA DISPATCH,R1,30.0,28,5223,79,1.11,TN,$46.50,/ TN,$51.62,1.11,TN,$46.50,/ TN,$51.62
1043845,07/25/25,206073-0001-001 TARGET STORE COMP-TGT000801,R2,30.0,28,5299,37,2.49,TN,$46.50,/ TN,$115.79,2.49,TN,$46.50,/ TN,$115.79
1043850,07/25/25,214049-0001-001 TP COCINA LLC,R1,15.0,28,5226,62,0.1,TN,$46.50,/ TN,$4.65,0.1,TN,$46.50,/ TN,$4.65
1043861,07/25/25,216006-0001-001 SAYMAGROUP LC,R1,15.0,28,5225,42,2.43,TN,$46.50,/ TN,$113.00,2.43,TN,$46.50,/ TN,$113.00
1043891,07/25/25,210791-0001-001 ALEXANDER DEPOT,R1,30.0,28,5223,79,2.86,TN,$46.50,/ TN,$132.99,2.86,TN,$46.50,/ TN,$132.99
1043907,07/25/25,213636-0001-002 CARTER EXPRESS INC,R1,30.0,28,5221,56,0.85,TN,$46.50,/ TN,$39.53,0.85,TN,$46.50,/ TN,$39.53
104391,07/25/25,210471-0001-001 ANCIRA VOLKSWAGEN OF LAREDO,R1,10.0,28,5226,62,0.91,TN,$46.50,/ TN,$42.32,0.91,TN,$46.50,/ TN,$42.32
1043948,07/31/25,216066-0001-001 WELL WASH,R1,30.0,28,4299,37,1.6,TN,$46.50,/ TN,$74.40,1.6,TN,$46.50,/ TN,$74.40
1043967,07/25/25,210131-0001-001 TKR USA INC,R1,30.0,28,5223,79,0.76,TN,$46.50,/ TN,$35.34,0.76,TN,$46.50,/ TN,$35.34
1043972,07/25/25,203654-0001-001 MC COYS BUILDING SUPPL,R1,30.0,28,5221,56,1.25,TN,$46.50,/ TN,$58.13,1.25,TN,$46.50,/ TN,$58.13
1044036,07/25/25,209968-0001-001 H E B # 207 COMPACTOR,R2,30.0,28,5224,57,9.6,TN,$46.50,/ TN,$446.40,9.6,TN,$46.50,/ TN,$446.40
1044037,07/25/25,208792-0001-001 TEXAS DISCOUNT FURNITURE,R1,30.0,28,5299,37,0.68,TN,$46.50,/ TN,$31.62,0.68,TN,$46.50,/ TN,$31.62
1044039,07/25/25,216063-0001-001 Brenda J Batres,R1,30.0,28,5224,57,2.46,TN,$46.50,/ TN,$114.39,2.46,TN,$46.50,/ TN,$114.39
1044057,07/25/25,216062-0001-001 INTERLOAD,R1,30.0,28,5223,79,1.4,TN,$46.50,/ TN,$65.10,1.4,TN,$46.50,/ TN,$65.10
1044060,07/25/25,212307-0002-001 MISSION PRODUCE,R1,40.0,28,5225,42,1.76,TN,$46.50,/ TN,$81.84,1.76,TN,$46.50,/ TN,$81.84
1044082,07/26/25,214049-0001-001 TP COCINA LLC,R1,15.0,28,6226,62,0.29,TN,$46.50,/ TN,$13.49,0.29,TN,$46.50,/ TN,$13.49
1044106,07/26/25,206938-0001-001 S R FWDG-30YD,R1,30.0,28,6223,79,0.49,TN,$46.50,/ TN,$22.79,0.49,TN,$46.50,/ TN,$22.79
1044131,07/26/25,200573-0001-002 SOUTHERN DISTRIBUTING,R1,10.0,28,6226,62,4.31,TN,$46.50,/ TN,$200.42,4.31,TN,$46.50,/ TN,$200.42
1044199,07/26/25,205784-0001-001 EXEL GLOBAL LOGISTICS,R1,30.0,28,6224,57,0.09,TN,$46.50,/ TN,$4.19,0.09,TN,$46.50,/ TN,$4.19
1044208,07/26/25,213782-0001-001 XPO LOGISTICS/LTL/LLA (XPO000LLA),R1,30.0,28,6223,79,2.26,TN,$46.50,/ TN,$105.09,2.26,TN,$46.50,/ TN,$105.09
1044234,07/25/25,208512-0001-001 FORZA TRANSPORTATION,R1,30.0,28,5225,42,1.18,TN,$46.50,/ TN,$54.87,1.18,TN,$46.50,/ TN,$54.87
1044282,07/26/25,200770-0001-002 FEDERAL EXPRESS,R1,30.0,28,6224,57,0.86,TN,$46.50,/ TN,$39.99,0.86,TN,$46.50,/ TN,$39.99
1044291,07/26/25,214368-0001-001 WINFIELD COMMUNITIES,R1,30.0,28,6299,37,3.28,TN,$46.50,/ TN,$152.52,3.28,TN,$46.50,/ TN,$152.52
1044297,07/26/25,212263-0003-001 SCHNEIDER NATIONAL,R1,30.0,28,6223,79,1.47,TN,$46.50,/ TN,$68.36,1.47,TN,$46.50,/ TN,$68.36
1044370,07/26/25,204273-0001-001 S R FWDG-30YD,R1,30.0,28,6299,37,1.38,TN,$46.50,/ TN,$64.17,1.38,TN,$46.50,/ TN,$64.17
1044412,07/26/25,214368-0001-001 WINFIELD COMMUNITIES,R1,30.0,28,6299,37,4.0,TN,$46.50,/ TN,$186.00,4.0,TN,$46.50,/ TN,$186.00
1044414,07/26/25,211242-0001-001 BOLANOS & COMPANY,R1,30.0,28,6223,79,0.83,TN,$46.50,/ TN,$38.60,0.83,TN,$46.50,/ TN,$38.60
1044461,07/26/25,210340-0001-001 OSHKOSH CORP,R1,30.0,28,6224,57,0.19,TN,$46.50,/ TN,$8.84,0.19,TN,$46.50,/ TN,$8.84
1044469,07/25/25,214099-0001-001 WAL MART 8156 (SAM'S),R2,30.0,28,5225,42,7.14,TN,$46.50,/ TN,$332.01,7.14,TN,$46.50,/ TN,$332.01
1044503,07/26/25,214368-0001-001 WINFIELD COMMUNITIES,R1,30.0,28,6299,37,5.77,TN,$46.50,/ TN,$268.31,5.77,TN,$46.50,/ TN,$268.31
1044530,07/26/25,216001-0001-001 GFL ENVIRONMENTAL,R1,30.0,28,6226,62,0.82,TN,$46.50,/ TN,$38.13,0.82,TN,$46.50,/ TN,$38.13
1044596,07/26/25,205033-0002-002 MALL DEL NORTE,R1,30.0,28,6224,57,16.79,TN,$46.50,/ TN,$780.74,16.79,TN,$46.50,/ TN,$780.74
1044597,07/26/25,214368-0001-001 WINFIELD COMMUNITIES,R1,30.0,28,6299,37,3.04,TN,$46.50,/ TN,$141.36,3.04,TN,$46.50,/ TN,$141.36
1044651,07/26/25,214368-0002-001 WINFIELD COMMUNITIES,R1,30.0,28,6299,37,3.19,TN,$46.50,/ TN,$148.34,3.19,TN,$46.50,/ TN,$148.34
1044670,07/26/25,210001-0001-002 HOME GOODS,R2,40.0,24,6225,42,4.5,TN,$0.00,/ TN,$0.00,4.5,TN,$0.00,/ TN,$0.00
1044711,07/28/25,206091-0001-003 PILOT TRAVEL CENTER-0377,R1,30.0,28,1299,37,3.28,TN,$46.50,/ TN,$152.52,3.28,TN,$46.50,/ TN,$152.52
1044732,07/28/25,210833-0001-001 FUEL AMERICA TRAVEL CTR,R1,30.0,28,1299,37,2.16,TN,$46.50,/ TN,$100.44,2.16,TN,$46.50,/ TN,$100.44
1044744,07/28/25,210918-0001-001 TRAVEL AMERICA,R2,30.0,28,1225,42,1.34,TN,$46.50,/ TN,$62.31,1.34,TN,$46.50,/ TN,$62.31
1044746,07/28/25,206421-0001-001 FLYING J #48800,R2,30.0,28,1226,62,11.62,TN,$46.50,/ TN,$540.33,11.62,TN,$46.50,/ TN,$540.33
1044747,07/28/25,205033-0003-002 MALL DEL NORTE,R1,30.0,28,1226,62,1.06,TN,$46.50,/ TN,$49.29,1.06,TN,$46.50,/ TN,$49.29
1044793,07/28/25,214339-0001-001 LOVE'S TRAVEL STOPS 862,R2,30.0,28,1224,57,1.14,TN,$46.50,/ TN,$53.01,1.14,TN,$46.50,/ TN,$53.01
1044844,07/28/25,213894-0001-001 TK AUTOMOTIVE LOG SOL,R1,30.0,28,1299,37,1.12,TN,$46.50,/ TN,$52.08,1.12,TN,$46.50,/ TN,$52.08
1044847,07/28/25,209670-0001-001 UISD/FIXED ASSETS,R1,30.0,28,1225,42,5.27,TN,$46.50,/ TN,$245.06,5.27,TN,$46.50,/ TN,$245.06
1044959,07/28/25,210687-0001-001 TARGET 2112,R1,30.0,28,1299,37,4.62,TN,$46.50,/ TN,$214.83,4.62,TN,$46.50,/ TN,$214.83
1044967,07/28/25,210833-0001-001 FUEL AMERICA TRAVEL CTR,R1,30.0,28,1226,62,1.69,TN,$46.50,/ TN,$78.59,1.69,TN,$46.50,/ TN,$78.59
1045044,07/28/25,210918-0001-001 TRAVEL AMERICA,R2,30.0,28,1224,57,1.75,TN,$46.50,/ TN,$81.38,1.75,TN,$46.50,/ TN,$81.38
1045055,07/28/25,205033-0003-002 MALL DEL NORTE,R1,30.0,28,1226,62,2.82,TN,$46.50,/ TN,$131.13,2.82,TN,$46.50,/ TN,$131.13
1045065,07/28/25,216064-0001-001 Continental Forwarding,R1,30.0,28,1299,37,2.82,TN,$46.50,/ TN,$131.13,2.82,TN,$46.50,/ TN,$131.13
1045070,07/28/25,210839-0001-002 NATURE FRESH FARMS LAREDO,R1,15.0,13,1226,62,5.26,TN,$216.50,/ TN,"$1,138.79",5.26,TN,$216.50,/ TN,"$1,138.79"
1045085,07/28/25,202485-0001-001 ALI INTERNATIONAL,R1,15.0,28,1299,37,0.9,TN,$46.50,/ TN,$41.85,0.9,TN,$46.50,/ TN,$41.85
1045119,07/28/25,214100-0001-001 WAL MART 554,R2,30.0,28,1225,42,4.7,TN,$46.50,/ TN,$218.55,4.7,TN,$46.50,/ TN,$218.55
1045144,07/28/25,200632-0001-001 SOUTH TEXAS MOULDING,R1,15.0,28,1226,62,1.3,TN,$46.50,/ TN,$60.45,1.3,TN,$46.50,/ TN,$60.45
1045151,07/28/25,210131-0001-001 TKR USA INC,R1,30.0,28,1223,79,0.42,TN,$46.50,/ TN,$19.53,0.42,TN,$46.50,/ TN,$19.53
1045154,07/28/25,208886-0001-001 FONTAINE MODIFICATION,R1,30.0,28,1224,57,0.71,TN,$46.50,/ TN,$33.02,0.71,TN,$46.50,/ TN,$33.02
1045168,07/29/25,214049-0001-001 TP COCINA LLC,R1,15.0,28,2299,37,0.21,TN,$46.50,/ TN,$9.77,0.21,TN,$46.50,/ TN,$9.77
1045175,07/29/25,210378-0001-002 SOUTH TEXAS FOOD BANK,R1,30.0,28,2224,57,2.91,TN,$46.50,/ TN,$135.32,2.91,TN,$46.50,/ TN,$135.32
1045183,07/29/25,210842-0001-001 ASCENT FOODS,R1,30.0,13,2221,56,6.56,TN,$216.50,/ TN,"$1,420.24",6.56,TN,$216.50,/ TN,"$1,420.24"
1045188,07/29/25,210687-0001-001 TARGET 2112,R1,30.0,28,2223,79,3.05,TN,$46.50,/ TN,$141.83,3.05,TN,$46.50,/ TN,$141.83
1045206,07/29/25,200810-0001-001 EXPEDITORS INT'L OF WASHING,R1,30.0,28,2221,56,1.42,TN,$46.50,/ TN,$66.03,1.42,TN,$46.50,/ TN,$66.03
1045215,07/29/25,211312-0001-001 PROTRANS INTERNATIONAL,R1,30.0,28,2223,79,2.09,TN,$46.50,/ TN,$97.19,2.09,TN,$46.50,/ TN,$97.19
1045216,07/29/25,209971-0002-001 H E B MERCADO,R1,30.0,28,2225,42,8.29,TN,$46.50,/ TN,$385.49,8.29,TN,$46.50,/ TN,$385.49
1045218,07/29/25,204203-0001-001 FLYING J #730,R2,30.0,28,2221,56,3.04,TN,$46.50,/ TN,$141.36,3.04,TN,$46.50,/ TN,$141.36
1045237,07/29/25,216029-0001-001 TEXAS INTERNATIONAL ENTERPRISE,R1,30.0,28,2223,79,1.41,TN,$46.50,/ TN,$65.57,1.41,TN,$46.50,/ TN,$65.57
1045258,07/29/25,211450-0001-001 DOCTORS HOSPITAL-COMP,R2,30.0,28,2224,57,4.11,TN,$46.50,/ TN,$191.12,4.11,TN,$46.50,/ TN,$191.12
1045276,07/29/25,212205-0001-001 UETA INC-OPEN TOP,R1,30.0,28,2226,62,0.71,TN,$46.50,/ TN,$33.02,0.71,TN,$46.50,/ TN,$33.02
1045322,07/29/25,210131-0001-001 TKR USA INC,R1,30.0,28,2221,56,0.65,TN,$46.50,/ TN,$30.23,0.65,TN,$46.50,/ TN,$30.23
1045344,07/29/25,200573-0001-004 SOUTHERN DISTRIBUTING,R1,30.0,28,2226,62,2.12,TN,$46.50,/ TN,$98.58,2.12,TN,$46.50,/ TN,$98.58
1045347,07/29/25,200573-0001-002 SOUTHERN DISTRIBUTING,R1,10.0,28,2299,37,4.93,TN,$46.50,/ TN,$229.25,4.93,TN,$46.50,/ TN,$229.25
1045360,07/29/25,214336-0001-001 SUN LINE COMMERCIAL CARRIERS,R1,30.0,28,2223,79,7.68,TN,$46.50,/ TN,$357.12,7.68,TN,$46.50,/ TN,$357.12
1045390,07/29/25,205163-0001-001 CINEMARK  THEATER #385,R2,30.0,28,2225,42,9.58,TN,$46.50,/ TN,$445.47,9.58,TN,$46.50,/ TN,$445.47
1045412,07/29/25,204837-0001-001 AT&T,R1,30.0,28,2221,56,1.95,TN,$46.50,/ TN,$90.68,1.95,TN,$46.50,/ TN,$90.68
1045485,07/29/25,215659-0002-001 GABRIEL VIELMA,R1,30.0,28,2226,62,6.15,TN,$46.50,/ TN,$285.98,6.15,TN,$46.50,/ TN,$285.98
1045495,07/29/25,200563-0001-001 HOWLAND SURVEYING,R1,10.0,28,2299,37,1.65,TN,$46.50,/ TN,$76.73,1.65,TN,$46.50,/ TN,$76.73
1045521,07/29/25,216036-0001-001 VCMG LLC,R1,30.0,28,2226,62,2.49,TN,$46.50,/ TN,$115.79,2.49,TN,$46.50,/ TN,$115.79
1045557,07/29/25,215564-0001-001 SOUTHERN HEAVY HAUL INC,R1,30.0,28,2224,57,3.21,TN,$46.50,/ TN,$149.27,3.21,TN,$46.50,/ TN,$149.27
1045564,07/29/25,213474-0001-001 THE OUTLETS SHOPPES AT LAREDO,R1,30.0,24,2226,62,4.21,TN,$0.00,/ TN,$0.00,4.21,TN,$0.00,/ TN,$0.00
1045589,07/29/25,200573-0001-002 SOUTHERN DISTRIBUTING,R1,10.0,28,2299,37,4.37,TN,$46.50,/ TN,$203.21,4.37,TN,$46.50,/ TN,$203.21
1045597,07/29/25,209851-0008-001 LDR SITES,R1,30.0,28,2221,56,3.9,TN,$46.50,/ TN,$181.35,3.9,TN,$46.50,/ TN,$181.35
1045611,07/29/25,209970-0001-002 H E B # 586,R2,30.0,28,2225,42,8.7,TN,$46.50,/ TN,$404.55,8.7,TN,$46.50,/ TN,$404.55
1045666,07/29/25,214363-0001-001 COCA COLA,R1,30.0,28,2224,57,1.1,TN,$46.50,/ TN,$51.15,1.1,TN,$46.50,/ TN,$51.15
1045678,07/29/25,203122-0001-001 ZARSKY LUMBER,R1,30.0,28,2221,56,2.67,TN,$46.50,/ TN,$124.16,2.67,TN,$46.50,/ TN,$124.16
1045730,07/29/25,209974-0001-001 H E B   # 0449,R2,30.0,28,2225,42,6.84,TN,$46.50,/ TN,$318.06,6.84,TN,$46.50,/ TN,$318.06
1045737,07/29/25,213543-0001-001 K-FLEX USA LAREDO,R1,30.0,28,2221,56,1.12,TN,$46.50,/ TN,$52.08,1.12,TN,$46.50,/ TN,$52.08
1045753,07/29/25,205784-0001-001 EXEL GLOBAL LOGISTICS,R1,30.0,28,2224,57,0.19,TN,$46.50,/ TN,$8.84,0.19,TN,$46.50,/ TN,$8.84
1045760,07/30/25,207669-0001-001 TRUCK MOVERS,R1,30.0,28,3226,62,5.1,TN,$46.50,/ TN,$237.15,5.1,TN,$46.50,/ TN,$237.15
1045761,07/30/25,205033-0003-002 MALL DEL NORTE,R1,30.0,28,3226,62,0.12,TN,$46.50,/ TN,$5.58,0.12,TN,$46.50,/ TN,$5.58
1045771,07/29/25,203168-0001-001 CR ENGLAND,R1,30.0,28,2223,79,1.17,TN,$46.50,/ TN,$54.41,1.17,TN,$46.50,/ TN,$54.41
1045778,07/30/25,211871-0001-001 AUTO TRUCK (ATC)-LAREDO 544,R1,30.0,28,3221,56,0.4,TN,$46.50,/ TN,$18.60,0.4,TN,$46.50,/ TN,$18.60
1045807,07/30/25,206290-0001-002 UNION PACIFIC# VA999,R1,15.0,28,3299,37,1.21,TN,$46.50,/ TN,$56.27,1.21,TN,$46.50,/ TN,$56.27
1045818,07/30/25,203168-0001-001 CR ENGLAND,R1,30.0,28,3223,79,1.97,TN,$46.50,/ TN,$91.61,1.97,TN,$46.50,/ TN,$91.61
1045845,07/30/25,214441-0001-001 HOTEL AVA,R1,30.0,28,3221,56,5.32,TN,$46.50,/ TN,$247.38,5.32,TN,$46.50,/ TN,$247.38
1045857,07/30/25,215986-0001-001 TRAMITACIONES GROUP,R1,30.0,28,3226,62,11.68,TN,$46.50,/ TN,$543.12,11.68,TN,$46.50,/ TN,$543.12
1045861,07/30/25,208886-0001-001 FONTAINE MODIFICATION,R1,30.0,28,3224,57,1.37,TN,$46.50,/ TN,$63.71,1.37,TN,$46.50,/ TN,$63.71
1045876,07/30/25,200573-0001-002 SOUTHERN DISTRIBUTING,R1,10.0,28,3299,37,4.61,TN,$46.50,/ TN,$214.37,4.61,TN,$46.50,/ TN,$214.37
1045903,07/30/25,212307-0002-001 MISSION PRODUCE,R1,40.0,28,3225,42,2.08,TN,$46.50,/ TN,$96.72,2.08,TN,$46.50,/ TN,$96.72
1045953,07/30/25,215534-0001-001 NAVA'S TRUCKING INC.,R1,30.0,28,3223,79,3.18,TN,$46.50,/ TN,$147.87,3.18,TN,$46.50,/ TN,$147.87
1045961,07/30/25,214049-0001-001 TP COCINA LLC,R1,15.0,28,3299,37,0.26,TN,$46.50,/ TN,$12.09,0.26,TN,$46.50,/ TN,$12.09
1045979,07/30/25,209975-0001-001 H E B #186 COMPACTOR,R2,30.0,28,3221,56,9.0,TN,$46.50,/ TN,$418.50,9.0,TN,$46.50,/ TN,$418.50
10459858,07/30/25,204326-0001-001 CALVARY CATHOLIC CEMETARY,R1,30.0,28,3226,62,4.4,TN,$46.50,/ TN,$204.60,4.4,TN,$46.50,/ TN,$204.60
1046010,07/30/25,207669-0001-001 TRUCK MOVERS,R1,30.0,28,3224,57,3.09,TN,$46.50,/ TN,$143.69,3.09,TN,$46.50,/ TN,$143.69
1046068,07/30/25,216023-0001-001 GENERAL DYNAMICS,R1,30.0,28,3299,37,0.64,TN,$46.50,/ TN,$29.76,0.64,TN,$46.50,/ TN,$29.76
1046107,07/30/25,209972-0001-002 H E B,R2,30.0,28,3224,57,10.58,TN,$46.50,/ TN,$491.97,10.58,TN,$46.50,/ TN,$491.97
1046108,07/30/25,214049-0001-001 TP COCINA LLC,R1,15.0,28,3299,37,0.35,TN,$46.50,/ TN,$16.28,0.35,TN,$46.50,/ TN,$16.28
1046113,07/30/25,213800-0001-002 RODOLFO SEPULVEDA,R1,30.0,28,3299,37,6.93,TN,$46.50,/ TN,$322.25,6.93,TN,$46.50,/ TN,$322.25
1046123,07/30/25,212307-0002-002 MISSION PRODUCE,R1,30.0,13,3225,42,5.76,TN,$216.50,/ TN,"$1,247.04",5.76,TN,$216.50,/ TN,"$1,247.04"
1046157,07/30/25,214096-0001-001 WALMART-3518,R2,30.0,28,3221,56,6.88,TN,$46.50,/ TN,$319.92,6.88,TN,$46.50,/ TN,$319.92
1046183,07/30/25,207669-0001-001 TRUCK MOVERS,R1,30.0,28,3221,56,3.96,TN,$46.50,/ TN,$184.14,3.96,TN,$46.50,/ TN,$184.14
1046204,07/30/25,211219-0001-001 TRI-NATIONAL INC,R1,30.0,28,3221,56,0.97,TN,$46.50,/ TN,$45.11,0.97,TN,$46.50,/ TN,$45.11
1046209,07/30/25,204747-0001-001 ASHLEY HOME STORE,R1,30.0,28,3226,62,1.43,TN,$46.50,/ TN,$66.50,1.43,TN,$46.50,/ TN,$66.50
1046231,07/30/25,200746-0001-001 YUSEN LOGISTICS,R1,30.0,28,3223,79,1.42,TN,$46.50,/ TN,$66.03,1.42,TN,$46.50,/ TN,$66.03
1046234,07/30/25,204106-0001-001 BROKERS LOGISTICS,R1,30.0,28,3224,57,0.59,TN,$46.50,/ TN,$27.44,0.59,TN,$46.50,/ TN,$27.44
1046248,07/30/25,209686-0001-001 UNITRADE STADIUM,R2,30.0,28,3225,42,1.31,TN,$46.50,/ TN,$60.92,1.31,TN,$46.50,/ TN,$60.92
1046253,07/30/25,206097-0001-001 HOLT CAT,R1,30.0,28,3221,56,3.4,TN,$46.50,/ TN,$158.10,3.4,TN,$46.50,/ TN,$158.10
1046286,07/31/25,210687-0001-001 TARGET 2112,R1,30.0,28,4299,37,2.94,TN,$46.50,/ TN,$136.71,2.94,TN,$46.50,/ TN,$136.71
1046300,07/31/25,210378-0001-002 SOUTH TEXAS FOOD BANK,R1,30.0,28,4224,57,1.73,TN,$46.50,/ TN,$80.45,1.73,TN,$46.50,/ TN,$80.45
1046318,07/31/25,215534-0002-001 NAVA TRUCKING,R1,30.0,28,4225,42,2.96,TN,$46.50,/ TN,$137.64,2.96,TN,$46.50,/ TN,$137.64
1046320,07/31/25,210925-0001-001 BRICER INC.,R1,30.0,28,4223,79,1.12,TN,$46.50,/ TN,$52.08,1.12,TN,$46.50,/ TN,$52.08
1046350,07/31/25,202895-0001-002 WARREN TRANSPORT,R1,15.0,28,4227,37,2.42,TN,$46.50,/ TN,$112.53,2.42,TN,$46.50,/ TN,$112.53
1046393,07/31/25,209972-0001-002 H E B,R2,30.0,28,4224,57,9.89,TN,$46.50,/ TN,$459.89,9.89,TN,$46.50,/ TN,$459.89
1046401,07/31/25,206875-0001-001 UNI-TRADE FORWARDING,R1,30.0,28,4223,79,3.04,TN,$46.50,/ TN,$141.36,3.04,TN,$46.50,/ TN,$141.36
1046412,07/31/25,209970-0001-002 H E B # 586,R2,30.0,28,4226,62,12.73,TN,$46.50,/ TN,$591.95,12.73,TN,$46.50,/ TN,$591.95
1046425,07/31/25,215895-0001-001 360 GENERAL CONTRACTOR,R1,30.0,28,4225,42,2.12,TN,$46.50,/ TN,$98.58,2.12,TN,$46.50,/ TN,$98.58
1046442,07/31/25,210833-0001-001 FUEL AMERICA TRAVEL CTR,R1,30.0,28,4299,37,1.28,TN,$46.50,/ TN,$59.52,1.28,TN,$46.50,/ TN,$59.52
1046455,07/31/25,210833-0001-001 FUEL AMERICA TRAVEL CTR,R1,30.0,28,4221,56,1.21,TN,$46.50,/ TN,$56.27,1.21,TN,$46.50,/ TN,$56.27
1046468,07/31/25,208512-0001-001 FORZA TRANSPORTATION,R1,30.0,28,4221,56,2.42,TN,$46.50,/ TN,$112.53,2.42,TN,$46.50,/ TN,$112.53
1046487,07/31/25,201911-0001-001 EXCELLENCE LOGISTIC,R1,30.0,28,4223,79,4.35,TN,$46.50,/ TN,$202.28,4.35,TN,$46.50,/ TN,$202.28
1046512,07/31/25,210260-0001-001 U S BORDER PATROL,R1,20.0,28,4226,62,0.16,TN,$46.50,/ TN,$7.44,0.16,TN,$46.50,/ TN,$7.44
1046539,07/31/25,215923-0001-002 RAMON BARRIOS,R1,30.0,28,4224,57,2.8,TN,$46.50,/ TN,$130.20,2.8,TN,$46.50,/ TN,$130.20
1046568,07/31/25,216065-0001-001 Rodolfo Salinas,R1,30.0,28,4299,37,7.09,TN,$46.50,/ TN,$329.69,7.09,TN,$46.50,/ TN,$329.69
1046574,07/31/25,201216-0001-001 PALOS GARZA FORWARDING,R1,30.0,28,4223,79,0.38,TN,$46.50,/ TN,$17.67,0.38,TN,$46.50,/ TN,$17.67
1046605,07/31/25,214049-0001-001 TP COCINA LLC,R1,15.0,28,4227,37,0.33,TN,$46.50,/ TN,$15.35,0.33,TN,$46.50,/ TN,$15.35
1046632,07/31/25,214441-0001-001 HOTEL AVA,R1,30.0,28,4224,57,3.83,TN,$46.50,/ TN,$178.10,3.83,TN,$46.50,/ TN,$178.10
1046642,07/31/25,210584-0001-002 LOWE'S,R2,30.0,28,4225,42,6.1,TN,$46.50,/ TN,$283.65,6.1,TN,$46.50,/ TN,$283.65
1046653,07/31/25,213977-0001-001 PLW WATERWORKS LLC,R1,30.0,28,4226,62,3.65,TN,$46.50,/ TN,$169.73,3.65,TN,$46.50,/ TN,$169.73
1046668,07/31/25,204789-0001-001 BUCKLAND GLOBAL TRADE,R1,30.0,28,4221,56,1.47,TN,$46.50,/ TN,$68.36,1.47,TN,$46.50,/ TN,$68.36
1046683,07/31/25,202091-0001-001 AMERICA DISPATCH,R1,30.0,28,4223,79,0.96,TN,$46.50,/ TN,$44.64,0.96,TN,$46.50,/ TN,$44.64
1046715,07/31/25,204762-0002-001 KILLAM DEVELOPMENT,R1,30.0,28,4226,62,1.42,TN,$46.50,/ TN,$66.03,1.42,TN,$46.50,/ TN,$66.03
1046726,07/31/25,205109-0001-001 ARGUINDEGUI OIL,R1,30.0,28,4299,37,4.87,TN,$46.50,/ TN,$226.46,4.87,TN,$46.50,/ TN,$226.46
1046739,07/31/25,210131-0001-001 TKR USA INC,R1,30.0,28,4223,79,0.7,TN,$46.50,/ TN,$32.55,0.7,TN,$46.50,/ TN,$32.55
1046748,07/31/25,215995-0001-001 CATHOLIC SOCIAL SERVICES,R1,30.0,28,4225,42,3.76,TN,$46.50,/ TN,$174.84,3.76,TN,$46.50,/ TN,$174.84
1046762,07/31/25,216061-0001-001 BENITO MARTINEZ,R1,30.0,28,4224,57,1.59,TN,$46.50,/ TN,$73.94,1.59,TN,$46.50,/ TN,$73.94
1046781,07/31/25,213636-0001-002 CARTER EXPRESS INC,R1,30.0,28,4221,56,0.93,TN,$46.50,/ TN,$43.25,0.93,TN,$46.50,/ TN,$43.25
1047285,07/31/25,215804-0001-001 ST JOHN NEWMAN,R1,30.0,28,4226,62,3.34,TN,$46.50,/ TN,$155.31,3.34,TN,$46.50,/ TN,$155.31
1047316,07/31/25,210259-0001-001 U S BORDER PATROL,R1,15.0,28,4226,62,0.66,TN,$46.50,/ TN,$30.69,0.66,TN,$46.50,/ TN,$30.69
145679,07/29/25,208851-0001-001 TERRACON,R1,10.0,28,2299,37,5.95,TN,$46.50,/ TN,$276.68,5.95,TN,$46.50,/ TN,$276.68
